pricing_id,route_id,fuel_surcharge_usd,port_charge_usd,demand_factor,risk_surcharge_usd,target_margin_percent
P00001,R00001,103,60,1.0,48,15
P00002,R00002,102,75,0.95,63,15
P00003,R00003,120,90,0.95,85,15
P00004,R00004,98,60,1.05,46,15
P00005,R00005,99,75,1.1,61,15
P00006,R00006,108,90,0.95,80,15
P00007,R00007,94,60,0.95,45,15
P00008,R00008,97,75,1.05,61,15
P00009,R00009,109,90,1.1,81,15
P00010,R00010,107,60,1.1,50,15
P00011,R00011,116,75,1.0,68,15
P00012,R00012,129,90,1.05,89,15
P00013,R00013,105,60,1.1,49,15
P00014,R00014,101,75,1.0,62,15
P00015,R00015,110,90,1.0,81,15
P00016,R00016,96,60,1.1,45,15
P00017,R00017,105,75,0.95,64,15
P00018,R00018,123,90,1.0,86,15
P00019,R00019,104,60,1.05,49,15
P00020,R00020,118,75,1.1,69,15
P00021,R00021,135,90,1.0,91,15
P00022,R00022,93,60,0.95,44,15
P00023,R00023,97,75,1.0,61,15
P00024,R00024,116,90,1.0,83,15
P00025,R00025,104,60,1.0,49,15
P00026,R00026,100,75,1.1,62,15
P00027,R00027,127,90,1.0,88,15
P00028,R00028,103,60,1.0,48,15
P00029,R00029,116,75,0.95,69,15
P00030,R00030,114,90,1.1,83,15
P00031,R00031,106,60,1.0,49,15
P00032,R00032,108,75,1.05,65,15
P00033,R00033,125,90,1.05,87,15
P00034,R00034,99,60,1.0,47,15
P00035,R00035,116,75,1.0,69,15
P00036,R00036,120,90,1.1,85,15
P00037,R00037,109,60,1.0,51,15
P00038,R00038,98,75,1.0,61,15
P00039,R00039,105,90,1.0,79,15
P00040,R00040,99,60,1.1,47,15
P00041,R00041,95,75,1.1,60,15
P00042,R00042,128,90,1.0,88,15
P00043,R00043,98,60,1.05,46,15
P00044,R00044,109,75,1.0,65,15
P00045,R00045,120,90,1.1,85,15
P00046,R00046,107,60,1.1,50,15
P00047,R00047,104,75,1.1,64,15
P00048,R00048,128,90,1.0,88,15
P00049,R00049,105,60,1.0,49,15
P00050,R00050,99,75,1.1,62,15
P00051,R00051,121,90,0.95,85,15
P00052,R00052,94,60,1.1,45,15
P00053,R00053,107,75,1.0,65,15
P00054,R00054,107,90,1.0,80,15
P00055,R00055,92,60,1.1,44,15
P00056,R00056,108,75,1.1,65,15
P00057,R00057,110,90,1.0,81,15
P00058,R00058,96,60,1.1,45,15
P00059,R00059,100,75,0.95,62,15
P00060,R00060,108,90,1.05,80,15
P00061,R00061,96,60,1.1,45,15
P00062,R00062,101,75,0.95,63,15
P00063,R00063,113,90,1.0,82,15
P00064,R00064,106,60,1.05,50,15
P00065,R00065,115,75,1.1,68,15
P00066,R00066,128,90,0.95,88,15
P00067,R00067,97,60,1.1,46,15
P00068,R00068,118,75,1.05,69,15
P00069,R00069,128,90,1.05,88,15
P00070,R00070,110,60,1.0,51,15
P00071,R00071,99,75,1.1,62,15
P00072,R00072,134,90,1.0,90,15
P00073,R00073,105,60,1.0,49,15
P00074,R00074,108,75,1.0,65,15
P00075,R00075,122,90,1.1,86,15
P00076,R00076,98,60,1.1,46,15
P00077,R00077,109,75,0.95,65,15
P00078,R00078,109,90,1.0,81,15
P00079,R00079,97,60,1.0,46,15
P00080,R00080,113,75,1.05,67,15
P00081,R00081,107,90,1.05,80,15
P00082,R00082,109,60,1.0,50,15
P00083,R00083,117,75,1.05,69,15
P00084,R00084,115,90,1.0,83,15
P00085,R00085,95,60,1.05,45,15
P00086,R00086,101,75,1.05,62,15
P00087,R00087,107,90,1.0,80,15
P00088,R00088,101,60,1.0,47,15
P00089,R00089,117,75,1.05,69,15
P00090,R00090,119,90,1.0,84,15
P00091,R00091,93,60,1.05,44,15
P00092,R00092,117,75,1.0,69,15
P00093,R00093,113,90,1.0,82,15
P00094,R00094,107,60,1.0,50,15
P00095,R00095,108,75,1.0,65,15
P00096,R00096,124,90,1.0,86,15
P00097,R00097,91,60,1.05,44,15
P00098,R00098,118,75,1.05,69,15
P00099,R00099,134,90,1.1,91,15
P00100,R00100,93,60,0.95,44,15
P00101,R00101,97,75,0.95,61,15
P00102,R00102,122,90,1.05,86,15
P00103,R00103,100,60,1.1,47,15
P00104,R00104,105,75,1.0,64,15
P00105,R00105,126,90,1.1,87,15
P00106,R00106,109,60,1.1,51,15
P00107,R00107,103,75,1.0,63,15
P00108,R00108,114,90,1.05,83,15
P00109,R00109,109,60,1.05,51,15
P00110,R00110,98,75,1.0,61,15
P00111,R00111,129,90,1.05,89,15
P00112,R00112,104,60,1.05,49,15
P00113,R00113,118,75,1.0,69,15
P00114,R00114,107,90,0.95,80,15
P00115,R00115,109,60,1.1,50,15
P00116,R00116,95,75,1.0,60,15
P00117,R00117,111,90,1.1,82,15
P00118,R00118,94,60,1.0,44,15
P00119,R00119,119,75,1.1,70,15
P00120,R00120,107,90,1.0,80,15
P00121,R00121,93,60,1.05,44,15
P00122,R00122,101,75,1.0,62,15
P00123,R00123,133,90,1.05,90,15
P00124,R00124,95,60,0.95,45,15
P00125,R00125,99,75,1.1,62,15
P00126,R00126,115,90,1.05,83,15
P00127,R00127,96,60,0.95,45,15
P00128,R00128,110,75,1.1,66,15
P00129,R00129,116,90,1.05,83,15
P00130,R00130,106,60,0.95,49,15
P00131,R00131,105,75,1.0,64,15
P00132,R00132,107,90,1.05,80,15
P00133,R00133,93,60,1.0,44,15
P00134,R00134,104,75,1.1,64,15
P00135,R00135,109,90,1.0,81,15
P00136,R00136,96,60,1.05,45,15
P00137,R00137,115,75,1.0,68,15
P00138,R00138,122,90,1.1,86,15
P00139,R00139,109,60,1.05,51,15
P00140,R00140,115,75,1.05,68,15
P00141,R00141,114,90,1.1,82,15
P00142,R00142,108,60,1.05,50,15
P00143,R00143,105,75,1.05,64,15
P00144,R00144,109,90,1.1,81,15
P00145,R00145,107,60,1.0,50,15
P00146,R00146,100,75,0.95,62,15
P00147,R00147,115,90,1.05,83,15
P00148,R00148,101,60,1.05,48,15
P00149,R00149,110,75,1.0,66,15
P00150,R00150,112,90,1.05,82,15
P00151,R00151,105,60,1.1,49,15
P00152,R00152,100,75,1.1,62,15
P00153,R00153,132,90,1.0,90,15
P00154,R00154,93,60,0.95,44,15
P00155,R00155,110,75,1.05,66,15
P00156,R00156,109,90,0.95,81,15
P00157,R00157,99,60,0.95,47,15
P00158,R00158,98,75,1.1,61,15
P00159,R00159,108,90,1.05,80,15
P00160,R00160,97,60,1.1,46,15
P00161,R00161,106,75,1.1,64,15
P00162,R00162,105,90,1.1,79,15
P00163,R00163,105,60,1.0,49,15
P00164,R00164,100,75,0.95,62,15
P00165,R00165,123,90,1.1,86,15
P00166,R00166,92,60,0.95,44,15
P00167,R00167,104,75,1.1,63,15
P00168,R00168,123,90,0.95,86,15
P00169,R00169,99,60,1.1,47,15
P00170,R00170,100,75,1.05,62,15
P00171,R00171,128,90,0.95,88,15
P00172,R00172,107,60,1.0,50,15
P00173,R00173,103,75,1.05,63,15
P00174,R00174,120,90,0.95,85,15
P00175,R00175,102,60,0.95,48,15
P00176,R00176,99,75,1.05,62,15
P00177,R00177,121,90,1.1,86,15
P00178,R00178,103,60,1.1,48,15
P00179,R00179,97,75,1.1,61,15
P00180,R00180,134,90,1.05,90,15
P00181,R00181,93,60,1.05,44,15
P00182,R00182,105,75,0.95,64,15
P00183,R00183,130,90,1.0,89,15
P00184,R00184,102,60,1.05,48,15
P00185,R00185,114,75,1.0,68,15
P00186,R00186,123,90,1.0,86,15
P00187,R00187,104,60,1.05,49,15
P00188,R00188,110,75,1.0,66,15
P00189,R00189,122,90,1.05,86,15
P00190,R00190,94,60,0.95,45,15
P00191,R00191,96,75,1.05,60,15
P00192,R00192,114,90,1.05,83,15
P00193,R00193,106,60,0.95,49,15
P00194,R00194,115,75,1.1,68,15
P00195,R00195,133,90,1.1,90,15
P00196,R00196,100,60,1.0,47,15
P00197,R00197,102,75,1.0,63,15
P00198,R00198,132,90,1.05,90,15
P00199,R00199,110,60,0.95,51,15
P00200,R00200,111,75,1.0,66,15
P00201,R00201,120,90,1.05,85,15
P00202,R00202,103,60,1.1,48,15
P00203,R00203,98,75,1.0,61,15
P00204,R00204,135,90,1.1,91,15
P00205,R00205,95,60,0.95,45,15
P00206,R00206,115,75,1.05,68,15
P00207,R00207,112,90,0.95,82,15
P00208,R00208,90,60,1.05,43,15
P00209,R00209,98,75,1.05,61,15
P00210,R00210,106,90,1.0,80,15
P00211,R00211,100,60,1.05,47,15
P00212,R00212,98,75,1.1,61,15
P00213,R00213,120,90,1.05,85,15
P00214,R00214,109,60,1.0,50,15
P00215,R00215,115,75,0.95,68,15
P00216,R00216,134,90,1.0,91,15
P00217,R00217,102,60,1.05,48,15
P00218,R00218,99,75,0.95,62,15
P00219,R00219,129,90,1.1,89,15
P00220,R00220,101,60,1.1,47,15
P00221,R00221,107,75,0.95,65,15
P00222,R00222,122,90,0.95,86,15
P00223,R00223,92,60,1.0,44,15
P00224,R00224,118,75,1.05,69,15
P00225,R00225,131,90,1.05,90,15
P00226,R00226,97,60,1.1,46,15
P00227,R00227,108,75,0.95,65,15
P00228,R00228,132,90,1.05,90,15
P00229,R00229,107,60,0.95,50,15
P00230,R00230,114,75,1.1,67,15
P00231,R00231,113,90,0.95,82,15
P00232,R00232,105,60,1.1,49,15
P00233,R00233,113,75,1.1,67,15
P00234,R00234,127,90,1.1,88,15
P00235,R00235,101,60,1.1,48,15
P00236,R00236,98,75,1.0,61,15
P00237,R00237,121,90,0.95,86,15
P00238,R00238,104,60,1.1,49,15
P00239,R00239,108,75,1.0,65,15
P00240,R00240,124,90,1.05,86,15
P00241,R00241,109,60,1.05,51,15
P00242,R00242,97,75,1.1,61,15
P00243,R00243,129,90,1.05,89,15
P00244,R00244,103,60,0.95,48,15
P00245,R00245,117,75,1.1,69,15
P00246,R00246,110,90,1.05,81,15
P00247,R00247,108,60,1.0,50,15
P00248,R00248,102,75,0.95,63,15
P00249,R00249,109,90,1.05,81,15
P00250,R00250,90,60,1.1,43,15
P00251,R00251,106,75,1.1,64,15
P00252,R00252,121,90,1.0,85,15
P00253,R00253,107,60,1.05,50,15
P00254,R00254,98,75,1.1,61,15
P00255,R00255,126,90,1.05,87,15
P00256,R00256,106,60,1.0,49,15
P00257,R00257,113,75,1.05,67,15
P00258,R00258,109,90,0.95,81,15
P00259,R00259,92,60,1.05,44,15
P00260,R00260,100,75,1.05,62,15
P00261,R00261,133,90,1.0,90,15
P00262,R00262,97,60,1.05,46,15
P00263,R00263,98,75,1.0,61,15
P00264,R00264,111,90,1.1,81,15
P00265,R00265,106,60,0.95,49,15
P00266,R00266,106,75,1.0,65,15
P00267,R00267,126,90,0.95,87,15
P00268,R00268,101,60,1.1,47,15
P00269,R00269,109,75,1.05,66,15
P00270,R00270,135,90,1.1,91,15
P00271,R00271,95,60,1.1,45,15
P00272,R00272,106,75,1.0,64,15
P00273,R00273,117,90,1.0,84,15
P00274,R00274,103,60,1.0,48,15
P00275,R00275,114,75,1.1,67,15
P00276,R00276,111,90,1.1,81,15
P00277,R00277,99,60,1.05,47,15
P00278,R00278,106,75,0.95,65,15
P00279,R00279,106,90,1.05,80,15
P00280,R00280,107,60,1.05,50,15
P00281,R00281,100,75,1.0,62,15
P00282,R00282,111,90,1.1,82,15
P00283,R00283,110,60,1.05,51,15
P00284,R00284,97,75,1.05,61,15
P00285,R00285,127,90,0.95,88,15
P00286,R00286,98,60,0.95,46,15
P00287,R00287,100,75,1.1,62,15
P00288,R00288,113,90,0.95,82,15
P00289,R00289,91,60,1.0,43,15
P00290,R00290,115,75,0.95,68,15
P00291,R00291,126,90,0.95,88,15
P00292,R00292,95,60,0.95,45,15
P00293,R00293,114,75,1.05,67,15
P00294,R00294,133,90,0.95,90,15
P00295,R00295,97,60,0.95,46,15
P00296,R00296,96,75,1.05,60,15
P00297,R00297,110,90,0.95,81,15
P00298,R00298,109,60,1.0,51,15
P00299,R00299,113,75,0.95,67,15
P00300,R00300,114,90,1.0,83,15
P00301,R00301,101,60,1.0,48,15
P00302,R00302,100,75,1.05,62,15
P00303,R00303,113,90,1.05,82,15
P00304,R00304,108,60,1.1,50,15
P00305,R00305,102,75,1.05,63,15
P00306,R00306,117,90,0.95,84,15
P00307,R00307,102,60,0.95,48,15
P00308,R00308,117,75,0.95,69,15
P00309,R00309,112,90,1.05,82,15
P00310,R00310,106,60,1.1,50,15
P00311,R00311,107,75,1.05,65,15
P00312,R00312,112,90,0.95,82,15
P00313,R00313,108,60,1.05,50,15
P00314,R00314,116,75,1.0,68,15
P00315,R00315,131,90,1.1,89,15
P00316,R00316,99,60,1.0,46,15
P00317,R00317,113,75,1.05,67,15
P00318,R00318,108,90,1.05,80,15
P00319,R00319,104,60,1.05,49,15
P00320,R00320,110,75,1.1,66,15
P00321,R00321,133,90,1.1,90,15
P00322,R00322,102,60,1.05,48,15
P00323,R00323,101,75,0.95,62,15
P00324,R00324,108,90,1.05,80,15
P00325,R00325,95,60,1.05,45,15
P00326,R00326,104,75,1.0,64,15
P00327,R00327,106,90,1.05,79,15
P00328,R00328,100,60,0.95,47,15
P00329,R00329,95,75,1.0,60,15
P00330,R00330,120,90,0.95,85,15
P00331,R00331,96,60,0.95,45,15
P00332,R00332,106,75,1.0,64,15
P00333,R00333,119,90,0.95,85,15
P00334,R00334,109,60,1.0,51,15
P00335,R00335,115,75,1.0,68,15
P00336,R00336,127,90,0.95,88,15
P00337,R00337,95,60,1.05,45,15
P00338,R00338,115,75,1.05,68,15
P00339,R00339,111,90,1.1,81,15
P00340,R00340,103,60,1.0,48,15
P00341,R00341,113,75,1.1,67,15
P00342,R00342,107,90,0.95,80,15
P00343,R00343,94,60,1.1,44,15
P00344,R00344,108,75,1.0,65,15
P00345,R00345,126,90,0.95,87,15
P00346,R00346,103,60,1.1,48,15
P00347,R00347,116,75,1.1,69,15
P00348,R00348,134,90,1.1,91,15
P00349,R00349,99,60,1.0,47,15
P00350,R00350,117,75,1.0,69,15
P00351,R00351,106,90,1.1,79,15
P00352,R00352,108,60,0.95,50,15
P00353,R00353,117,75,1.05,69,15
P00354,R00354,131,90,1.1,90,15
P00355,R00355,93,60,0.95,44,15
P00356,R00356,104,75,1.1,64,15
P00357,R00357,120,90,1.0,85,15
P00358,R00358,97,60,1.1,46,15
P00359,R00359,103,75,1.05,63,15
P00360,R00360,131,90,1.0,90,15
P00361,R00361,99,60,1.1,46,15
P00362,R00362,117,75,1.0,69,15
P00363,R00363,115,90,0.95,83,15
P00364,R00364,91,60,1.0,43,15
P00365,R00365,103,75,1.1,63,15
P00366,R00366,125,90,0.95,87,15
P00367,R00367,95,60,1.05,45,15
P00368,R00368,114,75,1.1,67,15
P00369,R00369,119,90,0.95,85,15
P00370,R00370,90,60,1.1,43,15
P00371,R00371,96,75,1.0,60,15
P00372,R00372,127,90,1.05,88,15
P00373,R00373,94,60,1.05,44,15
P00374,R00374,113,75,1.05,67,15
P00375,R00375,124,90,0.95,87,15
P00376,R00376,108,60,1.1,50,15
P00377,R00377,109,75,0.95,65,15
P00378,R00378,113,90,1.1,82,15
P00379,R00379,90,60,0.95,43,15
P00380,R00380,118,75,1.05,69,15
P00381,R00381,129,90,1.05,88,15
P00382,R00382,91,60,1.0,43,15
P00383,R00383,117,75,0.95,69,15
P00384,R00384,113,90,1.05,82,15
P00385,R00385,95,60,0.95,45,15
P00386,R00386,115,75,0.95,68,15
P00387,R00387,124,90,1.1,87,15
P00388,R00388,106,60,1.05,50,15
P00389,R00389,114,75,0.95,67,15
P00390,R00390,118,90,1.0,84,15
P00391,R00391,109,60,1.05,51,15
P00392,R00392,96,75,1.0,60,15
P00393,R00393,127,90,1.05,88,15
P00394,R00394,107,60,1.0,50,15
P00395,R00395,101,75,0.95,62,15
P00396,R00396,126,90,1.05,87,15
P00397,R00397,108,60,1.1,50,15
P00398,R00398,108,75,1.0,65,15
P00399,R00399,130,90,1.05,89,15
P00400,R00400,93,60,1.1,44,15
P00401,R00401,118,75,1.1,69,15
P00402,R00402,116,90,1.05,83,15
P00403,R00403,100,60,1.05,47,15
P00404,R00404,119,75,0.95,70,15
P00405,R00405,129,90,1.0,89,15
P00406,R00406,95,60,1.1,45,15
P00407,R00407,115,75,0.95,68,15
P00408,R00408,129,90,1.0,89,15
P00409,R00409,99,60,0.95,47,15
P00410,R00410,96,75,0.95,60,15
P00411,R00411,113,90,1.05,82,15
P00412,R00412,108,60,1.05,50,15
P00413,R00413,115,75,0.95,68,15
P00414,R00414,119,90,1.0,85,15
P00415,R00415,101,60,1.0,47,15
P00416,R00416,103,75,1.05,63,15
P00417,R00417,110,90,1.1,81,15
P00418,R00418,102,60,0.95,48,15
P00419,R00419,99,75,1.0,61,15
P00420,R00420,133,90,1.0,90,15
P00421,R00421,101,60,1.05,47,15
P00422,R00422,108,75,1.0,65,15
P00423,R00423,112,90,1.05,82,15
P00424,R00424,105,60,1.0,49,15
P00425,R00425,109,75,1.05,66,15
P00426,R00426,125,90,1.0,87,15
P00427,R00427,101,60,1.05,47,15
P00428,R00428,98,75,1.1,61,15
P00429,R00429,126,90,1.05,87,15
P00430,R00430,96,60,1.1,45,15
P00431,R00431,115,75,1.05,68,15
P00432,R00432,123,90,1.05,86,15
P00433,R00433,109,60,1.0,50,15
P00434,R00434,114,75,1.1,67,15
P00435,R00435,118,90,0.95,84,15
P00436,R00436,106,60,1.1,50,15
P00437,R00437,101,75,1.0,63,15
P00438,R00438,131,90,1.1,89,15
P00439,R00439,92,60,1.1,44,15
P00440,R00440,102,75,1.0,63,15
P00441,R00441,110,90,1.0,81,15
P00442,R00442,97,60,1.0,46,15
P00443,R00443,96,75,1.1,60,15
P00444,R00444,134,90,1.0,91,15
P00445,R00445,107,60,1.1,50,15
P00446,R00446,97,75,1.1,61,15
P00447,R00447,133,90,1.1,90,15
P00448,R00448,96,60,1.0,46,15
P00449,R00449,111,75,1.05,66,15
P00450,R00450,111,90,1.0,81,15
P00451,R00451,108,60,1.0,50,15
P00452,R00452,115,75,1.05,68,15
P00453,R00453,129,90,0.95,89,15
P00454,R00454,96,60,1.0,45,15
P00455,R00455,109,75,1.0,66,15
P00456,R00456,108,90,1.1,80,15
P00457,R00457,107,60,1.05,50,15
P00458,R00458,105,75,1.05,64,15
P00459,R00459,109,90,1.05,81,15
P00460,R00460,95,60,1.0,45,15
P00461,R00461,97,75,1.1,61,15
P00462,R00462,114,90,1.1,83,15
P00463,R00463,104,60,1.0,49,15
P00464,R00464,102,75,0.95,63,15
P00465,R00465,128,90,0.95,88,15
P00466,R00466,101,60,1.05,47,15
P00467,R00467,99,75,0.95,62,15
P00468,R00468,108,90,1.1,80,15
P00469,R00469,105,60,1.05,49,15
P00470,R00470,96,75,0.95,60,15
P00471,R00471,117,90,1.05,84,15
P00472,R00472,110,60,1.0,51,15
P00473,R00473,115,75,0.95,68,15
P00474,R00474,110,90,0.95,81,15
P00475,R00475,108,60,0.95,50,15
P00476,R00476,117,75,1.05,69,15
P00477,R00477,129,90,1.05,89,15
P00478,R00478,92,60,1.05,44,15
P00479,R00479,95,75,1.05,60,15
P00480,R00480,124,90,0.95,87,15
P00481,R00481,98,60,1.0,46,15
P00482,R00482,106,75,1.0,64,15
P00483,R00483,122,90,0.95,86,15
P00484,R00484,98,60,1.0,46,15
P00485,R00485,97,75,1.1,61,15
P00486,R00486,117,90,0.95,84,15
P00487,R00487,91,60,1.05,43,15
P00488,R00488,110,75,1.1,66,15
P00489,R00489,106,90,1.0,79,15
P00490,R00490,102,60,1.0,48,15
P00491,R00491,106,75,0.95,64,15
P00492,R00492,119,90,1.0,85,15
P00493,R00493,105,60,1.05,49,15
P00494,R00494,102,75,0.95,63,15
P00495,R00495,134,90,1.1,91,15
P00496,R00496,92,60,0.95,44,15
P00497,R00497,108,75,1.1,65,15
P00498,R00498,115,90,0.95,83,15
P00499,R00499,92,60,0.95,44,15
P00500,R00500,109,75,1.05,65,15
P00501,R00501,127,90,1.05,88,15
P00502,R00502,91,60,0.95,43,15
P00503,R00503,103,75,1.1,63,15
P00504,R00504,132,90,1.0,90,15
P00505,R00505,93,60,1.0,44,15
P00506,R00506,100,75,1.05,62,15
P00507,R00507,129,90,1.1,89,15
P00508,R00508,93,60,0.95,44,15
P00509,R00509,115,75,1.0,68,15
P00510,R00510,108,90,1.05,80,15
P00511,R00511,99,60,1.05,47,15
P00512,R00512,108,75,1.05,65,15
P00513,R00513,109,90,0.95,80,15
P00514,R00514,90,60,0.95,43,15
P00515,R00515,107,75,0.95,65,15
P00516,R00516,120,90,0.95,85,15
P00517,R00517,97,60,1.05,46,15
P00518,R00518,103,75,1.0,63,15
P00519,R00519,119,90,1.1,85,15
P00520,R00520,101,60,1.1,47,15
P00521,R00521,116,75,1.0,68,15
P00522,R00522,135,90,1.1,91,15
P00523,R00523,96,60,1.0,45,15
P00524,R00524,116,75,1.0,68,15
P00525,R00525,118,90,0.95,84,15
P00526,R00526,91,60,0.95,43,15
P00527,R00527,96,75,1.05,60,15
P00528,R00528,106,90,1.05,79,15
P00529,R00529,100,60,1.1,47,15
P00530,R00530,105,75,0.95,64,15
P00531,R00531,111,90,0.95,81,15
P00532,R00532,92,60,1.1,44,15
P00533,R00533,116,75,0.95,68,15
P00534,R00534,129,90,1.05,89,15
P00535,R00535,91,60,1.1,43,15
P00536,R00536,112,75,1.05,67,15
P00537,R00537,115,90,1.1,83,15
P00538,R00538,109,60,1.1,51,15
P00539,R00539,101,75,1.05,62,15
P00540,R00540,116,90,0.95,83,15
P00541,R00541,93,60,1.1,44,15
P00542,R00542,96,75,1.05,60,15
P00543,R00543,133,90,1.1,90,15
P00544,R00544,94,60,1.1,45,15
P00545,R00545,108,75,1.05,65,15
P00546,R00546,130,90,0.95,89,15
P00547,R00547,96,60,1.0,45,15
P00548,R00548,110,75,0.95,66,15
P00549,R00549,108,90,1.1,80,15
P00550,R00550,99,60,1.05,47,15
P00551,R00551,99,75,1.0,62,15
P00552,R00552,132,90,1.0,90,15
P00553,R00553,102,60,0.95,48,15
P00554,R00554,101,75,0.95,62,15
P00555,R00555,125,90,0.95,87,15
P00556,R00556,99,60,1.0,47,15
P00557,R00557,112,75,1.1,67,15
P00558,R00558,120,90,0.95,85,15
P00559,R00559,102,60,0.95,48,15
P00560,R00560,117,75,1.05,69,15
P00561,R00561,108,90,1.0,80,15
P00562,R00562,106,60,1.1,49,15
P00563,R00563,107,75,0.95,65,15
P00564,R00564,106,90,1.0,79,15
P00565,R00565,90,60,1.0,43,15
P00566,R00566,99,75,1.0,62,15
P00567,R00567,109,90,1.1,81,15
P00568,R00568,106,60,1.1,49,15
P00569,R00569,117,75,1.0,69,15
P00570,R00570,108,90,1.1,80,15
P00571,R00571,98,60,1.05,46,15
P00572,R00572,101,75,1.1,62,15
P00573,R00573,128,90,1.0,88,15
P00574,R00574,104,60,1.0,48,15
P00575,R00575,102,75,1.05,63,15
P00576,R00576,110,90,1.05,81,15
P00577,R00577,93,60,1.05,44,15
P00578,R00578,106,75,1.0,64,15
P00579,R00579,118,90,1.1,84,15
P00580,R00580,99,60,0.95,46,15
P00581,R00581,107,75,1.0,65,15
P00582,R00582,105,90,1.1,79,15
P00583,R00583,109,60,1.0,51,15
P00584,R00584,109,75,0.95,65,15
P00585,R00585,116,90,1.1,83,15
P00586,R00586,106,60,1.1,49,15
P00587,R00587,98,75,1.05,61,15
P00588,R00588,128,90,1.05,88,15
P00589,R00589,100,60,1.05,47,15
P00590,R00590,118,75,0.95,69,15
P00591,R00591,118,90,1.0,84,15
P00592,R00592,95,60,1.05,45,15
P00593,R00593,113,75,1.0,67,15
P00594,R00594,122,90,1.0,86,15
P00595,R00595,92,60,0.95,44,15
P00596,R00596,97,75,1.0,61,15
P00597,R00597,112,90,0.95,82,15
P00598,R00598,98,60,1.05,46,15
P00599,R00599,99,75,1.1,62,15
P00600,R00600,126,90,1.1,87,15
P00601,R00601,92,60,1.05,44,15
P00602,R00602,116,75,1.1,69,15
P00603,R00603,119,90,1.0,85,15
P00604,R00604,97,60,1.0,46,15
P00605,R00605,113,75,1.05,67,15
P00606,R00606,133,90,0.95,90,15
P00607,R00607,97,60,1.0,46,15
P00608,R00608,105,75,1.0,64,15
P00609,R00609,132,90,0.95,90,15
P00610,R00610,92,60,1.05,44,15
P00611,R00611,95,75,1.0,60,15
P00612,R00612,116,90,1.0,83,15
P00613,R00613,99,60,0.95,47,15
P00614,R00614,102,75,1.0,63,15
P00615,R00615,132,90,1.1,90,15
P00616,R00616,96,60,0.95,45,15
P00617,R00617,96,75,1.05,60,15
P00618,R00618,129,90,1.05,88,15
P00619,R00619,102,60,1.1,48,15
P00620,R00620,96,75,1.0,60,15
P00621,R00621,122,90,1.05,86,15
P00622,R00622,94,60,0.95,45,15
P00623,R00623,98,75,1.05,61,15
P00624,R00624,129,90,0.95,89,15
P00625,R00625,92,60,1.05,44,15
P00626,R00626,99,75,1.05,62,15
P00627,R00627,125,90,1.1,87,15
P00628,R00628,104,60,1.05,49,15
P00629,R00629,115,75,0.95,68,15
P00630,R00630,125,90,1.0,87,15
P00631,R00631,101,60,0.95,48,15
P00632,R00632,100,75,0.95,62,15
P00633,R00633,113,90,1.0,82,15
P00634,R00634,104,60,0.95,48,15
P00635,R00635,103,75,1.1,63,15
P00636,R00636,107,90,1.0,80,15
P00637,R00637,104,60,1.0,49,15
P00638,R00638,102,75,0.95,63,15
P00639,R00639,126,90,1.1,87,15
P00640,R00640,93,60,0.95,44,15
P00641,R00641,100,75,0.95,62,15
P00642,R00642,128,90,1.1,88,15
P00643,R00643,97,60,1.0,46,15
P00644,R00644,104,75,1.05,64,15
P00645,R00645,121,90,1.1,85,15
P00646,R00646,98,60,1.05,46,15
P00647,R00647,112,75,0.95,67,15
P00648,R00648,133,90,1.1,90,15
P00649,R00649,95,60,1.0,45,15
P00650,R00650,100,75,0.95,62,15
P00651,R00651,112,90,1.0,82,15
P00652,R00652,95,60,0.95,45,15
P00653,R00653,100,75,1.05,62,15
P00654,R00654,127,90,0.95,88,15
P00655,R00655,106,60,1.0,50,15
P00656,R00656,118,75,0.95,69,15
P00657,R00657,122,90,1.05,86,15
P00658,R00658,104,60,1.05,49,15
P00659,R00659,115,75,1.0,68,15
P00660,R00660,127,90,1.0,88,15
P00661,R00661,91,60,0.95,43,15
P00662,R00662,95,75,1.1,60,15
P00663,R00663,114,90,0.95,83,15
P00664,R00664,100,60,1.0,47,15
P00665,R00665,119,75,1.0,70,15
P00666,R00666,132,90,1.1,90,15
P00667,R00667,93,60,0.95,44,15
P00668,R00668,96,75,1.05,60,15
P00669,R00669,131,90,1.05,89,15
P00670,R00670,103,60,1.0,48,15
P00671,R00671,118,75,1.0,69,15
P00672,R00672,106,90,1.0,79,15
P00673,R00673,99,60,1.0,47,15
P00674,R00674,103,75,1.05,63,15
P00675,R00675,129,90,1.05,89,15
P00676,R00676,103,60,1.05,48,15
P00677,R00677,102,75,1.1,63,15
P00678,R00678,111,90,1.0,81,15
P00679,R00679,102,60,1.1,48,15
P00680,R00680,96,75,1.1,60,15
P00681,R00681,108,90,1.1,80,15
P00682,R00682,96,60,1.1,45,15
P00683,R00683,118,75,0.95,69,15
P00684,R00684,123,90,1.0,86,15
P00685,R00685,100,60,0.95,47,15
P00686,R00686,99,75,0.95,61,15
P00687,R00687,131,90,0.95,89,15
P00688,R00688,93,60,1.1,44,15
P00689,R00689,116,75,0.95,68,15
P00690,R00690,113,90,1.1,82,15
P00691,R00691,96,60,1.0,45,15
P00692,R00692,108,75,1.1,65,15
P00693,R00693,125,90,0.95,87,15
P00694,R00694,97,60,1.05,46,15
P00695,R00695,95,75,1.0,60,15
P00696,R00696,113,90,0.95,82,15
P00697,R00697,100,60,0.95,47,15
P00698,R00698,108,75,1.05,65,15
P00699,R00699,116,90,1.1,83,15
P00700,R00700,101,60,0.95,47,15
P00701,R00701,116,75,0.95,69,15
P00702,R00702,110,90,1.0,81,15
P00703,R00703,91,60,1.0,43,15
P00704,R00704,101,75,1.05,62,15
P00705,R00705,109,90,1.0,81,15
P00706,R00706,98,60,0.95,46,15
P00707,R00707,117,75,1.1,69,15
P00708,R00708,128,90,1.1,88,15
P00709,R00709,103,60,1.1,48,15
P00710,R00710,97,75,1.0,61,15
P00711,R00711,132,90,0.95,90,15
P00712,R00712,102,60,1.05,48,15
P00713,R00713,96,75,1.05,60,15
P00714,R00714,107,90,0.95,80,15
P00715,R00715,100,60,1.1,47,15
P00716,R00716,100,75,0.95,62,15
P00717,R00717,109,90,1.1,81,15
P00718,R00718,92,60,1.1,44,15
P00719,R00719,112,75,0.95,67,15
P00720,R00720,114,90,1.1,83,15
P00721,R00721,96,60,1.1,45,15
P00722,R00722,119,75,1.05,70,15
P00723,R00723,120,90,0.95,85,15
P00724,R00724,104,60,1.1,49,15
P00725,R00725,113,75,0.95,67,15
P00726,R00726,123,90,0.95,86,15
P00727,R00727,106,60,0.95,49,15
P00728,R00728,106,75,0.95,64,15
P00729,R00729,130,90,1.0,89,15
P00730,R00730,106,60,1.1,49,15
P00731,R00731,119,75,1.1,70,15
P00732,R00732,105,90,1.1,79,15
P00733,R00733,104,60,1.0,49,15
P00734,R00734,107,75,1.05,65,15
P00735,R00735,107,90,1.1,80,15
P00736,R00736,101,60,1.1,47,15
P00737,R00737,112,75,1.05,67,15
P00738,R00738,118,90,1.1,84,15
P00739,R00739,91,60,1.05,43,15
P00740,R00740,98,75,1.05,61,15
P00741,R00741,130,90,1.05,89,15
P00742,R00742,94,60,1.05,44,15
P00743,R00743,98,75,1.1,61,15
P00744,R00744,118,90,0.95,84,15
P00745,R00745,99,60,1.05,47,15
P00746,R00746,99,75,1.05,61,15
P00747,R00747,116,90,1.05,83,15
P00748,R00748,91,60,1.0,43,15
P00749,R00749,116,75,1.0,69,15
P00750,R00750,131,90,0.95,89,15
P00751,R00751,97,60,1.1,46,15
P00752,R00752,102,75,0.95,63,15
P00753,R00753,134,90,1.05,91,15
P00754,R00754,108,60,1.05,50,15
P00755,R00755,111,75,1.05,67,15
P00756,R00756,114,90,0.95,82,15
P00757,R00757,93,60,1.05,44,15
P00758,R00758,112,75,1.1,67,15
P00759,R00759,129,90,0.95,89,15
P00760,R00760,101,60,0.95,47,15
P00761,R00761,106,75,1.0,65,15
P00762,R00762,116,90,1.1,83,15
P00763,R00763,96,60,1.1,45,15
P00764,R00764,106,75,1.05,64,15
P00765,R00765,129,90,1.05,88,15
P00766,R00766,103,60,1.05,48,15
P00767,R00767,102,75,1.05,63,15
P00768,R00768,119,90,1.0,84,15
P00769,R00769,95,60,1.1,45,15
P00770,R00770,110,75,1.1,66,15
P00771,R00771,112,90,1.05,82,15
P00772,R00772,103,60,1.1,48,15
P00773,R00773,118,75,1.1,69,15
P00774,R00774,106,90,1.0,79,15
P00775,R00775,96,60,1.0,45,15
P00776,R00776,116,75,1.1,68,15
P00777,R00777,117,90,1.1,84,15
P00778,R00778,99,60,1.1,46,15
P00779,R00779,99,75,1.05,62,15
P00780,R00780,115,90,1.1,83,15
P00781,R00781,101,60,1.0,48,15
P00782,R00782,116,75,1.0,68,15
P00783,R00783,130,90,1.1,89,15
P00784,R00784,98,60,1.0,46,15
P00785,R00785,102,75,1.05,63,15
P00786,R00786,132,90,1.05,90,15
P00787,R00787,95,60,0.95,45,15
P00788,R00788,101,75,1.0,62,15
P00789,R00789,134,90,1.05,90,15
P00790,R00790,94,60,1.0,45,15
P00791,R00791,107,75,0.95,65,15
P00792,R00792,124,90,1.05,87,15
P00793,R00793,99,60,1.0,47,15
P00794,R00794,115,75,1.0,68,15
P00795,R00795,133,90,1.05,90,15
P00796,R00796,94,60,1.0,45,15
P00797,R00797,110,75,1.0,66,15
P00798,R00798,132,90,1.05,90,15
P00799,R00799,105,60,1.1,49,15
P00800,R00800,105,75,1.1,64,15
P00801,R00801,111,90,0.95,81,15
P00802,R00802,96,60,0.95,45,15
P00803,R00803,95,75,1.1,60,15
P00804,R00804,124,90,1.1,87,15
P00805,R00805,108,60,1.1,50,15
P00806,R00806,99,75,1.05,62,15
P00807,R00807,119,90,1.0,85,15
P00808,R00808,110,60,1.0,51,15
P00809,R00809,118,75,1.1,69,15
P00810,R00810,131,90,1.05,90,15
P00811,R00811,100,60,0.95,47,15
P00812,R00812,99,75,1.1,62,15
P00813,R00813,133,90,0.95,90,15
P00814,R00814,98,60,1.05,46,15
P00815,R00815,119,75,1.1,70,15
P00816,R00816,105,90,0.95,79,15
P00817,R00817,93,60,0.95,44,15
P00818,R00818,108,75,1.05,65,15
P00819,R00819,121,90,1.0,85,15
P00820,R00820,103,60,1.05,48,15
P00821,R00821,105,75,1.1,64,15
P00822,R00822,123,90,1.1,86,15
P00823,R00823,91,60,1.1,43,15
P00824,R00824,113,75,1.0,67,15
P00825,R00825,112,90,0.95,82,15
P00826,R00826,98,60,0.95,46,15
P00827,R00827,104,75,1.05,64,15
P00828,R00828,123,90,1.0,86,15
P00829,R00829,97,60,1.1,46,15
P00830,R00830,117,75,1.0,69,15
P00831,R00831,106,90,1.0,79,15
P00832,R00832,92,60,0.95,44,15
P00833,R00833,113,75,1.05,67,15
P00834,R00834,125,90,1.0,87,15
P00835,R00835,90,60,0.95,43,15
P00836,R00836,108,75,1.0,65,15
P00837,R00837,107,90,1.05,80,15
P00838,R00838,102,60,1.1,48,15
P00839,R00839,118,75,1.0,69,15
P00840,R00840,129,90,1.1,89,15
P00841,R00841,103,60,1.0,48,15
P00842,R00842,116,75,0.95,68,15
P00843,R00843,130,90,0.95,89,15
P00844,R00844,96,60,1.0,45,15
P00845,R00845,112,75,1.05,67,15
P00846,R00846,116,90,1.05,83,15
P00847,R00847,110,60,1.1,51,15
P00848,R00848,96,75,1.1,61,15
P00849,R00849,128,90,1.05,88,15
P00850,R00850,91,60,1.05,44,15
P00851,R00851,96,75,1.05,60,15
P00852,R00852,133,90,1.05,90,15
P00853,R00853,96,60,1.05,45,15
P00854,R00854,111,75,1.05,66,15
P00855,R00855,135,90,1.0,91,15
P00856,R00856,96,60,1.1,45,15
P00857,R00857,105,75,0.95,64,15
P00858,R00858,109,90,1.0,81,15
P00859,R00859,97,60,1.1,46,15
P00860,R00860,115,75,1.0,68,15
P00861,R00861,122,90,1.1,86,15
P00862,R00862,94,60,0.95,45,15
P00863,R00863,115,75,1.05,68,15
P00864,R00864,114,90,0.95,83,15
P00865,R00865,108,60,1.0,50,15
P00866,R00866,98,75,0.95,61,15
P00867,R00867,124,90,0.95,86,15
P00868,R00868,99,60,1.1,47,15
P00869,R00869,103,75,1.1,63,15
P00870,R00870,117,90,1.05,84,15
P00871,R00871,95,60,0.95,45,15
P00872,R00872,101,75,1.1,62,15
P00873,R00873,132,90,0.95,90,15
P00874,R00874,110,60,1.1,51,15
P00875,R00875,106,75,1.05,64,15
P00876,R00876,119,90,1.1,85,15
P00877,R00877,98,60,1.05,46,15
P00878,R00878,108,75,0.95,65,15
P00879,R00879,110,90,1.0,81,15
P00880,R00880,96,60,0.95,45,15
P00881,R00881,116,75,1.1,68,15
P00882,R00882,129,90,1.05,89,15
P00883,R00883,97,60,1.0,46,15
P00884,R00884,101,75,1.0,62,15
P00885,R00885,119,90,1.05,85,15
P00886,R00886,102,60,1.0,48,15
P00887,R00887,117,75,0.95,69,15
P00888,R00888,106,90,1.1,80,15
P00889,R00889,104,60,1.0,49,15
P00890,R00890,119,75,0.95,69,15
P00891,R00891,122,90,1.0,86,15
P00892,R00892,106,60,1.1,49,15
P00893,R00893,119,75,1.05,70,15
P00894,R00894,133,90,1.0,90,15
P00895,R00895,98,60,0.95,46,15
P00896,R00896,99,75,1.1,62,15
P00897,R00897,112,90,0.95,82,15
P00898,R00898,109,60,1.05,51,15
P00899,R00899,103,75,1.05,63,15
P00900,R00900,119,90,1.05,85,15
P00901,R00901,105,60,0.95,49,15
P00902,R00902,95,75,1.1,60,15
P00903,R00903,106,90,0.95,80,15
P00904,R00904,97,60,0.95,46,15
P00905,R00905,99,75,1.0,62,15
P00906,R00906,121,90,1.0,85,15
P00907,R00907,99,60,1.1,47,15
P00908,R00908,101,75,0.95,62,15
P00909,R00909,125,90,1.05,87,15
P00910,R00910,106,60,1.05,50,15
P00911,R00911,102,75,1.05,63,15
P00912,R00912,106,90,1.1,80,15
P00913,R00913,95,60,1.0,45,15
P00914,R00914,114,75,1.0,68,15
P00915,R00915,117,90,0.95,84,15
P00916,R00916,108,60,1.0,50,15
P00917,R00917,105,75,1.1,64,15
P00918,R00918,108,90,1.05,80,15
P00919,R00919,108,60,0.95,50,15
P00920,R00920,115,75,0.95,68,15
P00921,R00921,121,90,0.95,85,15
P00922,R00922,97,60,1.1,46,15
P00923,R00923,104,75,1.0,63,15
P00924,R00924,119,90,1.05,85,15
P00925,R00925,100,60,0.95,47,15
P00926,R00926,112,75,1.05,67,15
P00927,R00927,126,90,1.1,87,15
P00928,R00928,108,60,1.1,50,15
P00929,R00929,111,75,1.0,67,15
P00930,R00930,108,90,1.1,80,15
P00931,R00931,109,60,1.1,51,15
P00932,R00932,114,75,0.95,68,15
P00933,R00933,128,90,0.95,88,15
P00934,R00934,91,60,1.1,43,15
P00935,R00935,116,75,0.95,69,15
P00936,R00936,133,90,1.1,90,15
P00937,R00937,91,60,1.0,43,15
P00938,R00938,112,75,0.95,67,15
P00939,R00939,117,90,0.95,84,15
P00940,R00940,93,60,1.1,44,15
P00941,R00941,113,75,1.0,67,15
P00942,R00942,122,90,1.05,86,15
P00943,R00943,105,60,1.05,49,15
P00944,R00944,96,75,1.1,60,15
P00945,R00945,134,90,1.0,91,15
P00946,R00946,107,60,1.1,50,15
P00947,R00947,113,75,1.0,67,15
P00948,R00948,117,90,1.1,84,15
P00949,R00949,97,60,1.0,46,15
P00950,R00950,110,75,1.05,66,15
P00951,R00951,109,90,1.05,81,15
P00952,R00952,95,60,0.95,45,15
P00953,R00953,118,75,1.1,69,15
P00954,R00954,129,90,1.05,89,15
P00955,R00955,92,60,1.1,44,15
P00956,R00956,107,75,1.0,65,15
P00957,R00957,135,90,0.95,91,15
P00958,R00958,106,60,1.0,49,15
P00959,R00959,117,75,0.95,69,15
P00960,R00960,127,90,0.95,88,15
P00961,R00961,104,60,1.05,49,15
P00962,R00962,111,75,1.0,67,15
P00963,R00963,123,90,1.05,86,15
P00964,R00964,105,60,0.95,49,15
P00965,R00965,115,75,1.05,68,15
P00966,R00966,123,90,1.1,86,15
P00967,R00967,94,60,1.1,45,15
P00968,R00968,97,75,1.05,61,15
P00969,R00969,135,90,1.1,91,15
P00970,R00970,95,60,1.0,45,15
P00971,R00971,118,75,0.95,69,15
P00972,R00972,128,90,1.05,88,15
P00973,R00973,108,60,1.1,50,15
P00974,R00974,101,75,1.05,62,15
P00975,R00975,111,90,1.1,81,15
P00976,R00976,92,60,1.05,44,15
P00977,R00977,118,75,1.1,69,15
P00978,R00978,119,90,1.05,84,15
P00979,R00979,100,60,1.1,47,15
P00980,R00980,108,75,1.1,65,15
P00981,R00981,108,90,1.05,80,15
P00982,R00982,93,60,1.0,44,15
P00983,R00983,113,75,1.05,67,15
P00984,R00984,117,90,1.1,84,15
P00985,R00985,96,60,0.95,46,15
P00986,R00986,113,75,1.1,67,15
P00987,R00987,114,90,1.0,82,15
P00988,R00988,107,60,1.05,50,15
P00989,R00989,116,75,1.05,68,15
P00990,R00990,116,90,1.05,83,15
P00991,R00991,106,60,1.05,50,15
P00992,R00992,117,75,1.05,69,15
P00993,R00993,116,90,1.1,83,15
P00994,R00994,100,60,1.05,47,15
P00995,R00995,118,75,1.05,69,15
P00996,R00996,111,90,1.1,81,15
P00997,R00997,95,60,1.1,45,15
P00998,R00998,96,75,1.0,60,15
P00999,R00999,132,90,1.1,90,15
P01000,R01000,93,60,1.05,44,15
P01001,R01001,111,75,0.95,66,15
P01002,R01002,117,90,1.0,84,15
P01003,R01003,92,60,1.05,44,15
P01004,R01004,114,75,1.0,68,15
P01005,R01005,125,90,1.0,87,15
P01006,R01006,97,60,0.95,46,15
P01007,R01007,118,75,1.05,69,15
P01008,R01008,122,90,1.1,86,15
P01009,R01009,109,60,0.95,51,15
P01010,R01010,118,75,1.1,69,15
P01011,R01011,107,90,1.0,80,15
P01012,R01012,91,60,1.1,43,15
P01013,R01013,109,75,1.1,66,15
P01014,R01014,126,90,1.05,87,15
P01015,R01015,99,60,0.95,47,15
P01016,R01016,96,75,1.05,61,15
P01017,R01017,122,90,1.0,86,15
P01018,R01018,92,60,0.95,44,15
P01019,R01019,117,75,1.0,69,15
P01020,R01020,123,90,1.1,86,15
P01021,R01021,101,60,1.0,47,15
P01022,R01022,119,75,0.95,70,15
P01023,R01023,126,90,1.05,87,15
P01024,R01024,90,60,1.05,43,15
P01025,R01025,111,75,1.05,66,15
P01026,R01026,116,90,1.1,83,15
P01027,R01027,91,60,1.1,43,15
P01028,R01028,108,75,0.95,65,15
P01029,R01029,124,90,0.95,87,15
P01030,R01030,103,60,1.05,48,15
P01031,R01031,119,75,1.0,70,15
P01032,R01032,108,90,1.0,80,15
P01033,R01033,103,60,1.0,48,15
P01034,R01034,120,75,1.1,70,15
P01035,R01035,113,90,0.95,82,15
P01036,R01036,100,60,1.0,47,15
P01037,R01037,104,75,0.95,64,15
P01038,R01038,119,90,1.0,85,15
P01039,R01039,94,60,1.0,45,15
P01040,R01040,99,75,1.05,62,15
P01041,R01041,124,90,1.05,87,15
P01042,R01042,91,60,1.1,43,15
P01043,R01043,99,75,1.0,62,15
P01044,R01044,132,90,1.0,90,15
P01045,R01045,105,60,1.05,49,15
P01046,R01046,116,75,0.95,68,15
P01047,R01047,124,90,1.1,86,15
P01048,R01048,104,60,1.1,49,15
P01049,R01049,109,75,1.05,66,15
P01050,R01050,108,90,1.05,80,15
P01051,R01051,93,60,0.95,44,15
P01052,R01052,98,75,0.95,61,15
P01053,R01053,132,90,0.95,90,15
P01054,R01054,109,60,1.0,51,15
P01055,R01055,102,75,0.95,63,15
P01056,R01056,134,90,1.0,91,15
P01057,R01057,100,60,1.1,47,15
P01058,R01058,114,75,1.0,68,15
P01059,R01059,113,90,1.1,82,15
P01060,R01060,98,60,1.05,46,15
P01061,R01061,118,75,1.0,69,15
P01062,R01062,116,90,1.0,84,15
P01063,R01063,104,60,0.95,49,15
P01064,R01064,104,75,1.1,64,15
P01065,R01065,118,90,1.05,84,15
P01066,R01066,103,60,1.05,48,15
P01067,R01067,99,75,1.05,62,15
P01068,R01068,112,90,1.0,82,15
P01069,R01069,92,60,0.95,44,15
P01070,R01070,99,75,1.1,62,15
P01071,R01071,107,90,1.1,80,15
P01072,R01072,105,60,1.05,49,15
P01073,R01073,98,75,1.0,61,15
P01074,R01074,116,90,1.05,83,15
P01075,R01075,109,60,0.95,51,15
P01076,R01076,98,75,1.1,61,15
P01077,R01077,109,90,1.0,81,15
P01078,R01078,98,60,0.95,46,15
P01079,R01079,113,75,1.1,67,15
P01080,R01080,133,90,1.1,90,15
P01081,R01081,98,60,1.0,46,15
P01082,R01082,113,75,1.05,67,15
P01083,R01083,117,90,1.1,84,15
P01084,R01084,101,60,1.1,48,15
P01085,R01085,99,75,1.0,62,15
P01086,R01086,119,90,1.1,85,15
P01087,R01087,92,60,1.0,44,15
P01088,R01088,114,75,0.95,67,15
P01089,R01089,120,90,1.0,85,15
P01090,R01090,93,60,1.1,44,15
P01091,R01091,116,75,1.1,68,15
P01092,R01092,108,90,1.05,80,15
P01093,R01093,98,60,1.0,46,15
P01094,R01094,115,75,1.1,68,15
P01095,R01095,133,90,1.05,90,15
P01096,R01096,99,60,1.1,47,15
P01097,R01097,109,75,0.95,65,15
P01098,R01098,111,90,1.0,81,15
P01099,R01099,95,60,1.0,45,15
P01100,R01100,101,75,0.95,63,15
P01101,R01101,129,90,1.05,89,15
P01102,R01102,103,60,1.1,48,15
P01103,R01103,113,75,1.1,67,15
P01104,R01104,106,90,0.95,80,15
P01105,R01105,109,60,1.0,51,15
P01106,R01106,109,75,1.05,66,15
P01107,R01107,134,90,1.0,91,15
P01108,R01108,98,60,1.0,46,15
P01109,R01109,99,75,1.0,62,15
P01110,R01110,123,90,1.0,86,15
P01111,R01111,108,60,1.1,50,15
P01112,R01112,97,75,0.95,61,15
P01113,R01113,117,90,1.1,84,15
P01114,R01114,108,60,1.05,50,15
P01115,R01115,111,75,1.1,67,15
P01116,R01116,108,90,0.95,80,15
P01117,R01117,100,60,1.0,47,15
P01118,R01118,116,75,0.95,68,15
P01119,R01119,133,90,0.95,90,15
P01120,R01120,99,60,0.95,46,15
P01121,R01121,110,75,1.1,66,15
P01122,R01122,119,90,1.05,85,15
P01123,R01123,91,60,1.0,43,15
P01124,R01124,104,75,1.05,63,15
P01125,R01125,117,90,0.95,84,15
P01126,R01126,102,60,1.05,48,15
P01127,R01127,110,75,1.05,66,15
P01128,R01128,121,90,0.95,85,15
P01129,R01129,94,60,0.95,44,15
P01130,R01130,99,75,1.1,62,15
P01131,R01131,119,90,1.1,85,15
P01132,R01132,100,60,1.1,47,15
P01133,R01133,116,75,1.1,69,15
P01134,R01134,115,90,1.05,83,15
P01135,R01135,90,60,1.0,43,15
P01136,R01136,101,75,1.05,63,15
P01137,R01137,134,90,0.95,91,15
P01138,R01138,109,60,1.0,50,15
P01139,R01139,103,75,0.95,63,15
P01140,R01140,119,90,1.1,84,15
P01141,R01141,101,60,0.95,48,15
P01142,R01142,114,75,1.0,68,15
P01143,R01143,113,90,1.1,82,15
P01144,R01144,107,60,1.05,50,15
P01145,R01145,95,75,1.1,60,15
P01146,R01146,111,90,0.95,81,15
P01147,R01147,106,60,1.0,49,15
P01148,R01148,101,75,1.0,62,15
P01149,R01149,124,90,1.05,86,15
P01150,R01150,109,60,1.1,51,15
P01151,R01151,112,75,1.0,67,15
P01152,R01152,126,90,0.95,87,15
P01153,R01153,101,60,0.95,47,15
P01154,R01154,96,75,1.0,60,15
P01155,R01155,112,90,0.95,82,15
P01156,R01156,106,60,1.0,50,15
P01157,R01157,111,75,1.1,66,15
P01158,R01158,117,90,1.0,84,15
P01159,R01159,97,60,1.0,46,15
P01160,R01160,116,75,1.1,69,15
P01161,R01161,122,90,0.95,86,15
P01162,R01162,100,60,1.0,47,15
P01163,R01163,118,75,0.95,69,15
P01164,R01164,120,90,1.0,85,15
P01165,R01165,107,60,1.0,50,15
P01166,R01166,102,75,0.95,63,15
P01167,R01167,134,90,1.0,91,15
P01168,R01168,98,60,1.0,46,15
P01169,R01169,116,75,1.05,69,15
P01170,R01170,119,90,1.0,85,15
P01171,R01171,96,60,1.05,45,15
P01172,R01172,110,75,1.0,66,15
P01173,R01173,113,90,1.05,82,15
P01174,R01174,104,60,1.05,48,15
P01175,R01175,108,75,1.0,65,15
P01176,R01176,119,90,1.0,85,15
P01177,R01177,92,60,1.0,44,15
P01178,R01178,119,75,1.1,70,15
P01179,R01179,109,90,1.05,81,15
P01180,R01180,94,60,1.0,44,15
P01181,R01181,100,75,0.95,62,15
P01182,R01182,113,90,1.0,82,15
P01183,R01183,106,60,1.0,50,15
P01184,R01184,100,75,0.95,62,15
P01185,R01185,126,90,1.0,88,15
P01186,R01186,98,60,1.0,46,15
P01187,R01187,101,75,1.1,62,15
P01188,R01188,118,90,1.1,84,15
P01189,R01189,98,60,1.05,46,15
P01190,R01190,101,75,1.1,63,15
P01191,R01191,133,90,1.0,90,15
P01192,R01192,92,60,1.1,44,15
P01193,R01193,113,75,1.1,67,15
P01194,R01194,122,90,1.05,86,15
P01195,R01195,100,60,0.95,47,15
P01196,R01196,115,75,1.0,68,15
P01197,R01197,131,90,1.1,90,15
P01198,R01198,95,60,0.95,45,15
P01199,R01199,112,75,1.0,67,15
P01200,R01200,110,90,1.0,81,15
P01201,R01201,105,60,1.05,49,15
P01202,R01202,105,75,1.0,64,15
P01203,R01203,109,90,1.0,81,15
P01204,R01204,96,60,0.95,45,15
P01205,R01205,110,75,1.1,66,15
P01206,R01206,113,90,1.0,82,15
P01207,R01207,90,60,1.05,43,15
P01208,R01208,101,75,1.0,62,15
P01209,R01209,107,90,1.05,80,15
P01210,R01210,102,60,1.05,48,15
P01211,R01211,101,75,1.0,62,15
P01212,R01212,125,90,1.1,87,15
P01213,R01213,95,60,0.95,45,15
P01214,R01214,108,75,1.05,65,15
P01215,R01215,122,90,1.05,86,15
P01216,R01216,96,60,1.1,46,15
P01217,R01217,103,75,1.05,63,15
P01218,R01218,129,90,1.05,89,15
P01219,R01219,108,60,0.95,50,15
P01220,R01220,112,75,1.0,67,15
P01221,R01221,119,90,1.1,85,15
P01222,R01222,98,60,1.1,46,15
P01223,R01223,99,75,1.0,61,15
P01224,R01224,105,90,1.1,79,15
P01225,R01225,108,60,1.05,50,15
P01226,R01226,97,75,1.05,61,15
P01227,R01227,123,90,1.0,86,15
P01228,R01228,95,60,1.0,45,15
P01229,R01229,116,75,1.0,68,15
P01230,R01230,119,90,1.0,84,15
P01231,R01231,107,60,0.95,50,15
P01232,R01232,100,75,1.1,62,15
P01233,R01233,134,90,1.1,91,15
P01234,R01234,98,60,1.05,46,15
P01235,R01235,108,75,0.95,65,15
P01236,R01236,134,90,1.0,91,15
P01237,R01237,97,60,1.0,46,15
P01238,R01238,97,75,1.0,61,15
P01239,R01239,121,90,1.05,85,15
P01240,R01240,94,60,1.05,44,15
P01241,R01241,112,75,0.95,67,15
P01242,R01242,121,90,1.1,85,15
P01243,R01243,91,60,0.95,43,15
P01244,R01244,118,75,0.95,69,15
P01245,R01245,113,90,0.95,82,15
P01246,R01246,97,60,0.95,46,15
P01247,R01247,118,75,1.05,69,15
P01248,R01248,127,90,1.05,88,15
P01249,R01249,103,60,1.1,48,15
P01250,R01250,104,75,1.05,63,15
P01251,R01251,125,90,0.95,87,15
P01252,R01252,105,60,1.0,49,15
P01253,R01253,100,75,1.05,62,15
P01254,R01254,125,90,1.1,87,15
P01255,R01255,100,60,1.05,47,15
P01256,R01256,115,75,1.1,68,15
P01257,R01257,121,90,1.0,85,15
P01258,R01258,103,60,0.95,48,15
P01259,R01259,96,75,1.1,61,15
P01260,R01260,131,90,1.05,89,15
P01261,R01261,106,60,0.95,49,15
P01262,R01262,116,75,1.05,68,15
P01263,R01263,109,90,0.95,81,15
P01264,R01264,100,60,0.95,47,15
P01265,R01265,112,75,1.0,67,15
P01266,R01266,119,90,1.05,85,15
P01267,R01267,93,60,1.05,44,15
P01268,R01268,104,75,1.0,64,15
P01269,R01269,129,90,1.05,89,15
P01270,R01270,109,60,1.0,51,15
P01271,R01271,104,75,1.1,63,15
P01272,R01272,129,90,0.95,89,15
P01273,R01273,104,60,1.1,49,15
P01274,R01274,99,75,1.05,62,15
P01275,R01275,133,90,1.0,90,15
P01276,R01276,96,60,1.1,46,15
P01277,R01277,120,75,1.1,70,15
P01278,R01278,134,90,1.0,91,15
P01279,R01279,107,60,1.05,50,15
P01280,R01280,108,75,1.0,65,15
P01281,R01281,123,90,1.0,86,15
P01282,R01282,93,60,1.05,44,15
P01283,R01283,108,75,1.0,65,15
P01284,R01284,110,90,1.0,81,15
P01285,R01285,90,60,0.95,43,15
P01286,R01286,103,75,1.05,63,15
P01287,R01287,111,90,1.0,81,15
P01288,R01288,103,60,1.05,48,15
P01289,R01289,97,75,0.95,61,15
P01290,R01290,123,90,0.95,86,15
P01291,R01291,95,60,1.05,45,15
P01292,R01292,102,75,1.1,63,15
P01293,R01293,123,90,1.05,86,15
P01294,R01294,98,60,1.05,46,15
P01295,R01295,102,75,1.1,63,15
P01296,R01296,114,90,1.0,83,15
P01297,R01297,105,60,1.05,49,15
P01298,R01298,112,75,1.05,67,15
P01299,R01299,106,90,1.1,79,15
P01300,R01300,105,60,1.0,49,15
P01301,R01301,105,75,1.05,64,15
P01302,R01302,129,90,0.95,89,15
P01303,R01303,99,60,1.1,47,15
P01304,R01304,103,75,1.05,63,15
P01305,R01305,113,90,1.05,82,15
P01306,R01306,108,60,1.0,50,15
P01307,R01307,97,75,0.95,61,15
P01308,R01308,130,90,1.1,89,15
P01309,R01309,101,60,1.0,47,15
P01310,R01310,110,75,0.95,66,15
P01311,R01311,122,90,0.95,86,15
P01312,R01312,96,60,1.1,45,15
P01313,R01313,106,75,1.05,64,15
P01314,R01314,125,90,1.0,87,15
P01315,R01315,105,60,1.05,49,15
P01316,R01316,114,75,0.95,67,15
P01317,R01317,113,90,1.1,82,15
P01318,R01318,90,60,1.0,43,15
P01319,R01319,120,75,0.95,70,15
P01320,R01320,107,90,1.05,80,15
P01321,R01321,108,60,1.1,50,15
P01322,R01322,100,75,0.95,62,15
P01323,R01323,123,90,1.05,86,15
P01324,R01324,97,60,0.95,46,15
P01325,R01325,116,75,1.0,69,15
P01326,R01326,135,90,0.95,91,15
P01327,R01327,96,60,1.0,45,15
P01328,R01328,106,75,1.05,64,15
P01329,R01329,108,90,1.1,80,15
P01330,R01330,105,60,1.0,49,15
P01331,R01331,116,75,1.05,68,15
P01332,R01332,127,90,1.1,88,15
P01333,R01333,100,60,1.05,47,15
P01334,R01334,101,75,1.0,62,15
P01335,R01335,126,90,1.05,88,15
P01336,R01336,109,60,1.05,51,15
P01337,R01337,109,75,0.95,66,15
P01338,R01338,125,90,1.05,87,15
P01339,R01339,92,60,0.95,44,15
P01340,R01340,110,75,1.0,66,15
P01341,R01341,112,90,0.95,82,15
P01342,R01342,99,60,0.95,47,15
P01343,R01343,118,75,1.1,69,15
P01344,R01344,131,90,1.0,90,15
P01345,R01345,102,60,1.05,48,15
P01346,R01346,106,75,1.0,65,15
P01347,R01347,123,90,1.0,86,15
P01348,R01348,95,60,1.05,45,15
P01349,R01349,98,75,0.95,61,15
P01350,R01350,120,90,1.0,85,15
P01351,R01351,95,60,0.95,45,15
P01352,R01352,99,75,1.1,62,15
P01353,R01353,131,90,1.05,89,15
P01354,R01354,94,60,1.1,45,15
P01355,R01355,96,75,1.1,60,15
P01356,R01356,132,90,1.1,90,15
P01357,R01357,98,60,1.05,46,15
P01358,R01358,112,75,0.95,67,15
P01359,R01359,127,90,1.05,88,15
P01360,R01360,97,60,1.05,46,15
P01361,R01361,109,75,1.1,66,15
P01362,R01362,119,90,1.0,84,15
P01363,R01363,109,60,1.0,51,15
P01364,R01364,106,75,1.0,65,15
P01365,R01365,113,90,1.0,82,15
P01366,R01366,101,60,1.1,47,15
P01367,R01367,111,75,0.95,66,15
P01368,R01368,114,90,1.0,83,15
P01369,R01369,92,60,1.0,44,15
P01370,R01370,118,75,1.05,69,15
P01371,R01371,134,90,0.95,90,15
P01372,R01372,95,60,1.1,45,15
P01373,R01373,108,75,1.0,65,15
P01374,R01374,130,90,1.1,89,15
P01375,R01375,91,60,1.1,43,15
P01376,R01376,113,75,1.0,67,15
P01377,R01377,117,90,0.95,84,15
P01378,R01378,90,60,1.0,43,15
P01379,R01379,118,75,1.0,69,15
P01380,R01380,119,90,1.1,84,15
P01381,R01381,96,60,1.05,45,15
P01382,R01382,109,75,1.05,66,15
P01383,R01383,116,90,1.05,83,15
P01384,R01384,95,60,0.95,45,15
P01385,R01385,113,75,1.1,67,15
P01386,R01386,133,90,1.1,90,15
P01387,R01387,106,60,1.0,50,15
P01388,R01388,97,75,1.1,61,15
P01389,R01389,106,90,1.1,79,15
P01390,R01390,102,60,1.05,48,15
P01391,R01391,112,75,1.0,67,15
P01392,R01392,122,90,1.0,86,15
P01393,R01393,108,60,0.95,50,15
P01394,R01394,113,75,1.05,67,15
P01395,R01395,133,90,1.05,90,15
P01396,R01396,105,60,1.1,49,15
P01397,R01397,113,75,1.05,67,15
P01398,R01398,130,90,0.95,89,15
P01399,R01399,93,60,1.0,44,15
P01400,R01400,115,75,0.95,68,15
P01401,R01401,115,90,0.95,83,15
P01402,R01402,96,60,1.05,46,15
P01403,R01403,95,75,1.1,60,15
P01404,R01404,117,90,0.95,84,15
P01405,R01405,107,60,1.05,50,15
P01406,R01406,99,75,1.0,62,15
P01407,R01407,120,90,1.05,85,15
P01408,R01408,92,60,1.0,44,15
P01409,R01409,101,75,1.0,62,15
P01410,R01410,114,90,1.0,82,15
P01411,R01411,102,60,1.1,48,15
P01412,R01412,98,75,1.05,61,15
P01413,R01413,119,90,0.95,84,15
P01414,R01414,101,60,1.0,47,15
P01415,R01415,119,75,0.95,69,15
P01416,R01416,122,90,0.95,86,15
P01417,R01417,101,60,0.95,47,15
P01418,R01418,111,75,0.95,66,15
P01419,R01419,110,90,1.1,81,15
P01420,R01420,105,60,1.1,49,15
P01421,R01421,106,75,1.05,64,15
P01422,R01422,127,90,1.1,88,15
P01423,R01423,105,60,1.05,49,15
P01424,R01424,96,75,0.95,60,15
P01425,R01425,120,90,1.1,85,15
P01426,R01426,107,60,1.0,50,15
P01427,R01427,107,75,1.1,65,15
P01428,R01428,113,90,1.0,82,15
P01429,R01429,100,60,1.1,47,15
P01430,R01430,107,75,0.95,65,15
P01431,R01431,134,90,1.0,91,15
P01432,R01432,109,60,1.1,51,15
P01433,R01433,119,75,1.1,70,15
P01434,R01434,112,90,0.95,82,15
P01435,R01435,99,60,1.05,47,15
P01436,R01436,110,75,1.0,66,15
P01437,R01437,124,90,1.05,87,15
P01438,R01438,106,60,1.1,49,15
P01439,R01439,119,75,1.1,70,15
P01440,R01440,116,90,1.0,83,15
P01441,R01441,105,60,1.05,49,15
P01442,R01442,110,75,1.05,66,15
P01443,R01443,123,90,1.05,86,15
P01444,R01444,107,60,1.05,50,15
P01445,R01445,98,75,1.1,61,15
P01446,R01446,122,90,1.05,86,15
P01447,R01447,91,60,1.1,43,15
P01448,R01448,102,75,1.1,63,15
P01449,R01449,130,90,1.0,89,15
P01450,R01450,97,60,0.95,46,15
P01451,R01451,104,75,1.1,64,15
P01452,R01452,118,90,0.95,84,15
P01453,R01453,100,60,1.05,47,15
P01454,R01454,106,75,0.95,64,15
P01455,R01455,112,90,0.95,82,15
P01456,R01456,91,60,0.95,43,15
P01457,R01457,105,75,1.1,64,15
P01458,R01458,130,90,1.05,89,15
P01459,R01459,91,60,1.0,44,15
P01460,R01460,112,75,1.05,67,15
P01461,R01461,131,90,1.05,89,15
P01462,R01462,105,60,1.0,49,15
P01463,R01463,111,75,1.05,66,15
P01464,R01464,121,90,0.95,86,15
P01465,R01465,103,60,1.1,48,15
P01466,R01466,117,75,1.05,69,15
P01467,R01467,125,90,1.0,87,15
P01468,R01468,103,60,1.0,48,15
P01469,R01469,111,75,1.05,66,15
P01470,R01470,130,90,0.95,89,15
P01471,R01471,91,60,1.05,43,15
P01472,R01472,101,75,1.05,63,15
P01473,R01473,113,90,1.05,82,15
P01474,R01474,107,60,1.0,50,15
P01475,R01475,109,75,1.05,66,15
P01476,R01476,121,90,0.95,85,15
P01477,R01477,101,60,1.1,47,15
P01478,R01478,100,75,0.95,62,15
P01479,R01479,122,90,1.0,86,15
P01480,R01480,98,60,1.0,46,15
P01481,R01481,103,75,1.1,63,15
P01482,R01482,123,90,1.1,86,15
P01483,R01483,106,60,0.95,49,15
P01484,R01484,97,75,1.0,61,15
P01485,R01485,128,90,0.95,88,15
P01486,R01486,100,60,1.0,47,15
P01487,R01487,104,75,1.05,64,15
P01488,R01488,131,90,1.05,89,15
P01489,R01489,102,60,1.05,48,15
P01490,R01490,119,75,1.05,70,15
P01491,R01491,108,90,0.95,80,15
P01492,R01492,92,60,1.0,44,15
P01493,R01493,108,75,1.1,65,15
P01494,R01494,134,90,0.95,91,15
P01495,R01495,93,60,1.1,44,15
P01496,R01496,100,75,0.95,62,15
P01497,R01497,131,90,1.0,89,15
P01498,R01498,105,60,0.95,49,15
P01499,R01499,107,75,0.95,65,15
P01500,R01500,119,90,0.95,85,15
P01501,R01501,93,60,1.05,44,15
P01502,R01502,98,75,0.95,61,15
P01503,R01503,134,90,1.05,90,15
P01504,R01504,108,60,1.05,50,15
P01505,R01505,97,75,1.0,61,15
P01506,R01506,135,90,0.95,91,15
P01507,R01507,101,60,1.1,47,15
P01508,R01508,101,75,1.0,63,15
P01509,R01509,127,90,1.0,88,15
P01510,R01510,104,60,0.95,49,15
P01511,R01511,108,75,1.1,65,15
P01512,R01512,129,90,1.1,89,15
P01513,R01513,98,60,1.05,46,15
P01514,R01514,110,75,0.95,66,15
P01515,R01515,106,90,1.0,79,15
P01516,R01516,96,60,1.05,45,15
P01517,R01517,103,75,1.0,63,15
P01518,R01518,124,90,1.0,87,15
P01519,R01519,97,60,1.05,46,15
P01520,R01520,97,75,0.95,61,15
P01521,R01521,125,90,0.95,87,15
P01522,R01522,107,60,0.95,50,15
P01523,R01523,97,75,0.95,61,15
P01524,R01524,109,90,1.0,81,15
P01525,R01525,100,60,0.95,47,15
P01526,R01526,107,75,1.05,65,15
P01527,R01527,134,90,1.0,91,15
P01528,R01528,90,60,0.95,43,15
P01529,R01529,101,75,1.05,63,15
P01530,R01530,108,90,1.0,80,15
P01531,R01531,92,60,1.0,44,15
P01532,R01532,98,75,1.05,61,15
P01533,R01533,113,90,1.05,82,15
P01534,R01534,98,60,0.95,46,15
P01535,R01535,117,75,1.1,69,15
P01536,R01536,130,90,1.05,89,15
P01537,R01537,96,60,1.0,45,15
P01538,R01538,106,75,1.0,65,15
P01539,R01539,125,90,1.1,87,15
P01540,R01540,109,60,0.95,51,15
P01541,R01541,116,75,1.0,68,15
P01542,R01542,132,90,1.05,90,15
P01543,R01543,107,60,1.0,50,15
P01544,R01544,103,75,1.0,63,15
P01545,R01545,111,90,0.95,81,15
P01546,R01546,99,60,1.1,47,15
P01547,R01547,100,75,1.0,62,15
P01548,R01548,123,90,1.1,86,15
P01549,R01549,90,60,1.05,43,15
P01550,R01550,113,75,1.1,67,15
P01551,R01551,129,90,1.0,89,15
P01552,R01552,95,60,1.05,45,15
P01553,R01553,97,75,1.1,61,15
P01554,R01554,132,90,1.05,90,15
P01555,R01555,102,60,1.0,48,15
P01556,R01556,95,75,1.05,60,15
P01557,R01557,112,90,1.1,82,15
P01558,R01558,103,60,1.0,48,15
P01559,R01559,108,75,1.0,65,15
P01560,R01560,123,90,1.05,86,15
P01561,R01561,94,60,1.0,45,15
P01562,R01562,110,75,1.1,66,15
P01563,R01563,111,90,1.1,81,15
P01564,R01564,92,60,1.1,44,15
P01565,R01565,100,75,0.95,62,15
P01566,R01566,126,90,1.0,88,15
P01567,R01567,108,60,1.05,50,15
P01568,R01568,119,75,1.0,70,15
P01569,R01569,127,90,1.1,88,15
P01570,R01570,102,60,1.05,48,15
P01571,R01571,104,75,0.95,64,15
P01572,R01572,113,90,0.95,82,15
P01573,R01573,104,60,1.0,48,15
P01574,R01574,109,75,0.95,66,15
P01575,R01575,108,90,1.05,80,15
P01576,R01576,104,60,1.1,49,15
P01577,R01577,115,75,0.95,68,15
P01578,R01578,123,90,1.1,86,15
P01579,R01579,106,60,1.0,49,15
P01580,R01580,118,75,1.1,69,15
P01581,R01581,133,90,1.0,90,15
P01582,R01582,103,60,1.1,48,15
P01583,R01583,105,75,1.05,64,15
P01584,R01584,113,90,1.0,82,15
P01585,R01585,103,60,1.05,48,15
P01586,R01586,96,75,0.95,60,15
P01587,R01587,130,90,1.0,89,15
P01588,R01588,96,60,1.1,46,15
P01589,R01589,111,75,1.05,66,15
P01590,R01590,119,90,1.1,85,15
P01591,R01591,96,60,1.1,45,15
P01592,R01592,98,75,1.05,61,15
P01593,R01593,112,90,1.05,82,15
P01594,R01594,93,60,1.0,44,15
P01595,R01595,99,75,1.0,62,15
P01596,R01596,121,90,0.95,85,15
P01597,R01597,96,60,1.1,45,15
P01598,R01598,110,75,0.95,66,15
P01599,R01599,108,90,1.0,80,15
P01600,R01600,103,60,0.95,48,15
P01601,R01601,116,75,0.95,68,15
P01602,R01602,106,90,1.0,80,15
P01603,R01603,96,60,1.05,45,15
P01604,R01604,104,75,0.95,64,15
P01605,R01605,123,90,1.0,86,15
P01606,R01606,93,60,1.0,44,15
P01607,R01607,117,75,0.95,69,15
P01608,R01608,116,90,1.0,84,15
P01609,R01609,103,60,1.1,48,15
P01610,R01610,98,75,1.05,61,15
P01611,R01611,134,90,1.1,91,15
P01612,R01612,91,60,1.0,44,15
P01613,R01613,114,75,1.05,68,15
P01614,R01614,114,90,1.1,83,15
P01615,R01615,98,60,1.1,46,15
P01616,R01616,103,75,0.95,63,15
P01617,R01617,113,90,1.0,82,15
P01618,R01618,91,60,0.95,43,15
P01619,R01619,103,75,1.0,63,15
P01620,R01620,113,90,1.1,82,15
P01621,R01621,101,60,1.05,48,15
P01622,R01622,104,75,1.05,64,15
P01623,R01623,132,90,0.95,90,15
P01624,R01624,102,60,1.05,48,15
P01625,R01625,117,75,0.95,69,15
P01626,R01626,114,90,1.05,82,15
P01627,R01627,93,60,1.1,44,15
P01628,R01628,104,75,1.0,64,15
P01629,R01629,112,90,1.1,82,15
P01630,R01630,91,60,1.0,44,15
P01631,R01631,110,75,1.1,66,15
P01632,R01632,132,90,1.1,90,15
P01633,R01633,108,60,1.0,50,15
P01634,R01634,111,75,1.05,67,15
P01635,R01635,116,90,1.0,83,15
P01636,R01636,94,60,1.1,45,15
P01637,R01637,95,75,1.1,60,15
P01638,R01638,116,90,1.1,83,15
P01639,R01639,108,60,1.05,50,15
P01640,R01640,101,75,1.05,62,15
P01641,R01641,133,90,1.1,90,15
P01642,R01642,90,60,1.1,43,15
P01643,R01643,118,75,0.95,69,15
P01644,R01644,134,90,1.05,91,15
P01645,R01645,109,60,0.95,51,15
P01646,R01646,101,75,0.95,62,15
P01647,R01647,128,90,1.0,88,15
P01648,R01648,101,60,1.0,47,15
P01649,R01649,103,75,0.95,63,15
P01650,R01650,116,90,1.05,84,15
P01651,R01651,92,60,1.1,44,15
P01652,R01652,108,75,1.0,65,15
P01653,R01653,118,90,0.95,84,15
P01654,R01654,91,60,1.05,44,15
P01655,R01655,116,75,1.05,68,15
P01656,R01656,115,90,1.0,83,15
P01657,R01657,109,60,1.1,51,15
P01658,R01658,111,75,1.1,66,15
P01659,R01659,122,90,0.95,86,15
P01660,R01660,95,60,1.0,45,15
P01661,R01661,109,75,1.05,66,15
P01662,R01662,129,90,1.0,88,15
P01663,R01663,104,60,0.95,49,15
P01664,R01664,104,75,1.05,64,15
P01665,R01665,117,90,1.05,84,15
P01666,R01666,101,60,0.95,47,15
P01667,R01667,104,75,0.95,64,15
P01668,R01668,122,90,1.05,86,15
P01669,R01669,109,60,0.95,50,15
P01670,R01670,96,75,0.95,61,15
P01671,R01671,107,90,1.05,80,15
P01672,R01672,104,60,1.05,49,15
P01673,R01673,118,75,1.05,69,15
P01674,R01674,128,90,1.0,88,15
P01675,R01675,106,60,1.0,49,15
P01676,R01676,98,75,1.1,61,15
P01677,R01677,124,90,1.0,86,15
P01678,R01678,97,60,0.95,46,15
P01679,R01679,104,75,1.1,63,15
P01680,R01680,108,90,0.95,80,15
P01681,R01681,91,60,1.0,44,15
P01682,R01682,117,75,1.1,69,15
P01683,R01683,108,90,1.05,80,15
P01684,R01684,108,60,1.1,50,15
P01685,R01685,112,75,1.1,67,15
P01686,R01686,126,90,1.1,87,15
P01687,R01687,93,60,1.05,44,15
P01688,R01688,105,75,1.05,64,15
P01689,R01689,120,90,0.95,85,15
P01690,R01690,95,60,1.1,45,15
P01691,R01691,103,75,1.05,63,15
P01692,R01692,108,90,1.0,80,15
P01693,R01693,101,60,1.0,47,15
P01694,R01694,107,75,1.05,65,15
P01695,R01695,110,90,1.1,81,15
P01696,R01696,92,60,1.1,44,15
P01697,R01697,99,75,1.05,62,15
P01698,R01698,110,90,1.1,81,15
P01699,R01699,102,60,1.0,48,15
P01700,R01700,100,75,1.0,62,15
P01701,R01701,132,90,1.05,90,15
P01702,R01702,108,60,1.05,50,15
P01703,R01703,98,75,1.0,61,15
P01704,R01704,119,90,1.0,85,15
P01705,R01705,97,60,1.1,46,15
P01706,R01706,107,75,1.1,65,15
P01707,R01707,129,90,1.1,88,15
P01708,R01708,104,60,0.95,48,15
P01709,R01709,118,75,1.05,69,15
P01710,R01710,122,90,0.95,86,15
P01711,R01711,96,60,1.1,45,15
P01712,R01712,102,75,1.1,63,15
P01713,R01713,114,90,1.05,82,15
P01714,R01714,100,60,0.95,47,15
P01715,R01715,103,75,1.05,63,15
P01716,R01716,130,90,1.1,89,15
P01717,R01717,93,60,1.05,44,15
P01718,R01718,116,75,1.05,68,15
P01719,R01719,133,90,1.05,90,15
P01720,R01720,109,60,1.1,51,15
P01721,R01721,119,75,0.95,70,15
P01722,R01722,133,90,1.05,90,15
P01723,R01723,94,60,0.95,45,15
P01724,R01724,106,75,1.05,65,15
P01725,R01725,118,90,0.95,84,15
P01726,R01726,108,60,1.05,50,15
P01727,R01727,108,75,1.1,65,15
P01728,R01728,109,90,1.1,81,15
P01729,R01729,103,60,1.0,48,15
P01730,R01730,117,75,1.1,69,15
P01731,R01731,107,90,1.0,80,15
P01732,R01732,97,60,1.05,46,15
P01733,R01733,97,75,1.05,61,15
P01734,R01734,120,90,1.0,85,15
P01735,R01735,93,60,1.1,44,15
P01736,R01736,113,75,1.05,67,15
P01737,R01737,123,90,1.05,86,15
P01738,R01738,104,60,1.1,48,15
P01739,R01739,115,75,1.05,68,15
P01740,R01740,123,90,0.95,86,15
P01741,R01741,106,60,1.0,49,15
P01742,R01742,112,75,1.1,67,15
P01743,R01743,126,90,1.0,87,15
P01744,R01744,91,60,1.1,43,15
P01745,R01745,117,75,1.0,69,15
P01746,R01746,127,90,1.05,88,15
P01747,R01747,104,60,0.95,49,15
P01748,R01748,102,75,1.1,63,15
P01749,R01749,131,90,0.95,89,15
P01750,R01750,104,60,1.0,49,15
P01751,R01751,113,75,1.05,67,15
P01752,R01752,130,90,0.95,89,15
P01753,R01753,101,60,0.95,47,15
P01754,R01754,108,75,1.1,65,15
P01755,R01755,106,90,0.95,80,15
P01756,R01756,90,60,1.0,43,15
P01757,R01757,102,75,1.1,63,15
P01758,R01758,123,90,1.05,86,15
P01759,R01759,95,60,1.1,45,15
P01760,R01760,118,75,0.95,69,15
P01761,R01761,135,90,1.1,91,15
P01762,R01762,101,60,1.05,48,15
P01763,R01763,104,75,1.05,64,15
P01764,R01764,107,90,0.95,80,15
P01765,R01765,93,60,0.95,44,15
P01766,R01766,108,75,1.0,65,15
P01767,R01767,126,90,1.1,87,15
P01768,R01768,98,60,0.95,46,15
P01769,R01769,113,75,1.1,67,15
P01770,R01770,109,90,0.95,81,15
P01771,R01771,100,60,1.05,47,15
P01772,R01772,116,75,1.05,69,15
P01773,R01773,114,90,1.0,82,15
P01774,R01774,98,60,0.95,46,15
P01775,R01775,115,75,1.0,68,15
P01776,R01776,107,90,1.1,80,15
P01777,R01777,95,60,0.95,45,15
P01778,R01778,111,75,0.95,67,15
P01779,R01779,121,90,1.05,85,15
P01780,R01780,104,60,0.95,48,15
P01781,R01781,118,75,0.95,69,15
P01782,R01782,124,90,1.0,86,15
P01783,R01783,91,60,1.1,44,15
P01784,R01784,97,75,0.95,61,15
P01785,R01785,127,90,1.0,88,15
P01786,R01786,100,60,1.0,47,15
P01787,R01787,109,75,1.0,66,15
P01788,R01788,131,90,1.0,89,15
P01789,R01789,102,60,1.05,48,15
P01790,R01790,119,75,1.05,69,15
P01791,R01791,123,90,1.0,86,15
P01792,R01792,97,60,1.0,46,15
P01793,R01793,115,75,1.0,68,15
P01794,R01794,108,90,1.05,80,15
P01795,R01795,92,60,0.95,44,15
P01796,R01796,108,75,1.0,65,15
P01797,R01797,109,90,1.0,81,15
P01798,R01798,106,60,1.1,49,15
P01799,R01799,119,75,1.0,70,15
P01800,R01800,125,90,1.05,87,15
P01801,R01801,101,60,1.1,47,15
P01802,R01802,112,75,0.95,67,15
P01803,R01803,108,90,1.05,80,15
P01804,R01804,104,60,1.05,48,15
P01805,R01805,116,75,0.95,69,15
P01806,R01806,130,90,1.0,89,15
P01807,R01807,97,60,1.05,46,15
P01808,R01808,99,75,0.95,61,15
P01809,R01809,123,90,1.1,86,15
P01810,R01810,99,60,0.95,47,15
P01811,R01811,111,75,1.05,66,15
P01812,R01812,116,90,1.0,83,15
P01813,R01813,108,60,1.05,50,15
P01814,R01814,102,75,1.05,63,15
P01815,R01815,109,90,1.0,81,15
P01816,R01816,105,60,1.05,49,15
P01817,R01817,119,75,0.95,70,15
P01818,R01818,125,90,1.1,87,15
P01819,R01819,103,60,1.05,48,15
P01820,R01820,116,75,1.0,68,15
P01821,R01821,116,90,1.05,83,15
P01822,R01822,103,60,1.1,48,15
P01823,R01823,111,75,1.1,66,15
P01824,R01824,125,90,0.95,87,15
P01825,R01825,101,60,1.0,47,15
P01826,R01826,104,75,1.0,64,15
P01827,R01827,131,90,1.0,89,15
P01828,R01828,97,60,1.05,46,15
P01829,R01829,96,75,1.1,60,15
P01830,R01830,121,90,0.95,85,15
P01831,R01831,91,60,1.1,44,15
P01832,R01832,106,75,1.0,64,15
P01833,R01833,116,90,1.05,84,15
P01834,R01834,99,60,0.95,47,15
P01835,R01835,106,75,1.0,64,15
P01836,R01836,111,90,1.05,82,15
P01837,R01837,101,60,1.05,47,15
P01838,R01838,102,75,1.1,63,15
P01839,R01839,116,90,1.1,83,15
P01840,R01840,107,60,1.0,50,15
P01841,R01841,110,75,1.1,66,15
P01842,R01842,105,90,1.05,79,15
P01843,R01843,92,60,0.95,44,15
P01844,R01844,107,75,0.95,65,15
P01845,R01845,112,90,1.1,82,15
P01846,R01846,102,60,1.1,48,15
P01847,R01847,103,75,1.0,63,15
P01848,R01848,121,90,0.95,86,15
P01849,R01849,99,60,1.0,46,15
P01850,R01850,98,75,1.0,61,15
P01851,R01851,111,90,1.0,81,15
P01852,R01852,109,60,0.95,51,15
P01853,R01853,96,75,0.95,60,15
P01854,R01854,108,90,1.0,80,15
P01855,R01855,104,60,1.0,49,15
P01856,R01856,106,75,1.0,64,15
P01857,R01857,109,90,1.05,81,15
P01858,R01858,102,60,0.95,48,15
P01859,R01859,120,75,1.1,70,15
P01860,R01860,110,90,1.05,81,15
P01861,R01861,106,60,0.95,50,15
P01862,R01862,103,75,1.05,63,15
P01863,R01863,106,90,1.1,79,15
P01864,R01864,103,60,1.1,48,15
P01865,R01865,112,75,1.0,67,15
P01866,R01866,126,90,1.05,87,15
P01867,R01867,96,60,1.0,45,15
P01868,R01868,115,75,1.05,68,15
P01869,R01869,123,90,1.1,86,15
P01870,R01870,97,60,0.95,46,15
P01871,R01871,111,75,1.05,67,15
P01872,R01872,132,90,1.1,90,15
P01873,R01873,100,60,0.95,47,15
P01874,R01874,116,75,1.0,68,15
P01875,R01875,130,90,1.1,89,15
P01876,R01876,94,60,1.1,45,15
P01877,R01877,117,75,1.0,69,15
P01878,R01878,116,90,1.0,83,15
P01879,R01879,96,60,1.0,45,15
P01880,R01880,104,75,1.1,64,15
P01881,R01881,106,90,1.05,79,15
P01882,R01882,108,60,1.1,50,15
P01883,R01883,107,75,0.95,65,15
P01884,R01884,135,90,0.95,91,15
P01885,R01885,105,60,1.1,49,15
P01886,R01886,119,75,1.05,69,15
P01887,R01887,122,90,0.95,86,15
P01888,R01888,94,60,0.95,45,15
P01889,R01889,104,75,0.95,64,15
P01890,R01890,130,90,1.05,89,15
P01891,R01891,98,60,1.0,46,15
P01892,R01892,113,75,1.1,67,15
P01893,R01893,113,90,1.0,82,15
P01894,R01894,108,60,1.1,50,15
P01895,R01895,107,75,1.0,65,15
P01896,R01896,110,90,1.1,81,15
P01897,R01897,109,60,0.95,51,15
P01898,R01898,102,75,1.0,63,15
P01899,R01899,117,90,1.0,84,15
P01900,R01900,91,60,1.05,43,15
P01901,R01901,118,75,1.05,69,15
P01902,R01902,121,90,0.95,85,15
P01903,R01903,103,60,0.95,48,15
P01904,R01904,102,75,1.1,63,15
P01905,R01905,111,90,1.0,81,15
P01906,R01906,93,60,0.95,44,15
P01907,R01907,114,75,0.95,68,15
P01908,R01908,134,90,1.05,90,15
P01909,R01909,102,60,1.05,48,15
P01910,R01910,112,75,0.95,67,15
P01911,R01911,120,90,1.1,85,15
P01912,R01912,92,60,1.0,44,15
P01913,R01913,97,75,1.05,61,15
P01914,R01914,132,90,0.95,90,15
P01915,R01915,107,60,1.0,50,15
P01916,R01916,116,75,1.1,69,15
P01917,R01917,108,90,1.05,80,15
P01918,R01918,94,60,0.95,45,15
P01919,R01919,100,75,1.1,62,15
P01920,R01920,130,90,1.0,89,15
P01921,R01921,92,60,1.1,44,15
P01922,R01922,112,75,1.1,67,15
P01923,R01923,119,90,1.05,85,15
P01924,R01924,101,60,0.95,48,15
P01925,R01925,113,75,1.0,67,15
P01926,R01926,121,90,1.0,86,15
P01927,R01927,91,60,1.05,43,15
P01928,R01928,102,75,0.95,63,15
P01929,R01929,107,90,1.05,80,15
P01930,R01930,109,60,0.95,51,15
P01931,R01931,118,75,1.0,69,15
P01932,R01932,129,90,1.05,89,15
P01933,R01933,103,60,1.0,48,15
P01934,R01934,120,75,1.1,70,15
P01935,R01935,111,90,1.1,81,15
P01936,R01936,102,60,0.95,48,15
P01937,R01937,109,75,1.05,65,15
P01938,R01938,126,90,1.0,87,15
P01939,R01939,92,60,1.05,44,15
P01940,R01940,113,75,1.05,67,15
P01941,R01941,109,90,1.05,81,15
P01942,R01942,100,60,0.95,47,15
P01943,R01943,96,75,1.05,60,15
P01944,R01944,126,90,1.1,87,15
P01945,R01945,108,60,1.1,50,15
P01946,R01946,105,75,0.95,64,15
P01947,R01947,122,90,1.0,86,15
P01948,R01948,96,60,1.0,46,15
P01949,R01949,110,75,1.0,66,15
P01950,R01950,123,90,1.05,86,15
P01951,R01951,97,60,1.1,46,15
P01952,R01952,114,75,1.0,68,15
P01953,R01953,135,90,0.95,91,15
P01954,R01954,101,60,1.1,47,15
P01955,R01955,107,75,1.1,65,15
P01956,R01956,122,90,1.1,86,15
P01957,R01957,109,60,0.95,51,15
P01958,R01958,96,75,1.1,60,15
P01959,R01959,120,90,0.95,85,15
P01960,R01960,98,60,1.0,46,15
P01961,R01961,97,75,0.95,61,15
P01962,R01962,123,90,1.1,86,15
P01963,R01963,108,60,1.05,50,15
P01964,R01964,110,75,0.95,66,15
P01965,R01965,125,90,1.05,87,15
P01966,R01966,101,60,1.0,47,15
P01967,R01967,106,75,1.1,64,15
P01968,R01968,120,90,0.95,85,15
P01969,R01969,93,60,1.1,44,15
P01970,R01970,116,75,1.1,68,15
P01971,R01971,127,90,1.1,88,15
P01972,R01972,105,60,1.05,49,15
P01973,R01973,102,75,1.1,63,15
P01974,R01974,110,90,0.95,81,15
P01975,R01975,90,60,1.0,43,15
P01976,R01976,102,75,1.1,63,15
P01977,R01977,106,90,1.1,79,15
P01978,R01978,100,60,0.95,47,15
P01979,R01979,106,75,1.05,64,15
P01980,R01980,130,90,1.05,89,15
P01981,R01981,104,60,1.1,49,15
P01982,R01982,100,75,1.1,62,15
P01983,R01983,126,90,0.95,87,15
P01984,R01984,92,60,1.1,44,15
P01985,R01985,101,75,1.0,62,15
P01986,R01986,109,90,1.1,81,15
P01987,R01987,99,60,1.05,46,15
P01988,R01988,110,75,1.1,66,15
P01989,R01989,105,90,0.95,79,15
P01990,R01990,96,60,1.05,46,15
P01991,R01991,97,75,0.95,61,15
P01992,R01992,109,90,1.05,81,15
P01993,R01993,98,60,1.05,46,15
P01994,R01994,114,75,1.0,67,15
P01995,R01995,134,90,1.0,91,15
P01996,R01996,105,60,1.0,49,15
P01997,R01997,113,75,1.1,67,15
P01998,R01998,130,90,1.0,89,15
P01999,R01999,97,60,1.0,46,15
P02000,R02000,98,75,1.05,61,15
P02001,R02001,125,90,0.95,87,15
P02002,R02002,96,60,0.95,45,15
P02003,R02003,104,75,1.0,64,15
P02004,R02004,120,90,1.05,85,15
P02005,R02005,104,60,0.95,49,15
P02006,R02006,95,75,0.95,60,15
P02007,R02007,128,90,1.0,88,15
P02008,R02008,101,60,0.95,47,15
P02009,R02009,105,75,1.0,64,15
P02010,R02010,132,90,1.0,90,15
P02011,R02011,100,60,1.05,47,15
P02012,R02012,98,75,1.05,61,15
P02013,R02013,133,90,0.95,90,15
P02014,R02014,97,60,0.95,46,15
P02015,R02015,112,75,1.0,67,15
P02016,R02016,121,90,1.0,85,15
P02017,R02017,95,60,1.05,45,15
P02018,R02018,103,75,1.0,63,15
P02019,R02019,130,90,1.05,89,15
P02020,R02020,93,60,1.05,44,15
P02021,R02021,99,75,1.05,62,15
P02022,R02022,121,90,0.95,85,15
P02023,R02023,95,60,0.95,45,15
P02024,R02024,114,75,0.95,68,15
P02025,R02025,108,90,1.0,80,15
P02026,R02026,95,60,1.0,45,15
P02027,R02027,109,75,1.05,66,15
P02028,R02028,132,90,1.1,90,15
P02029,R02029,101,60,1.1,47,15
P02030,R02030,95,75,1.05,60,15
P02031,R02031,110,90,1.05,81,15
P02032,R02032,103,60,1.1,48,15
P02033,R02033,112,75,1.1,67,15
P02034,R02034,133,90,1.05,90,15
P02035,R02035,102,60,0.95,48,15
P02036,R02036,111,75,1.0,66,15
P02037,R02037,125,90,1.1,87,15
P02038,R02038,93,60,1.05,44,15
P02039,R02039,98,75,0.95,61,15
P02040,R02040,121,90,1.1,85,15
P02041,R02041,96,60,0.95,45,15
P02042,R02042,111,75,1.05,67,15
P02043,R02043,118,90,1.0,84,15
P02044,R02044,100,60,1.1,47,15
P02045,R02045,99,75,0.95,62,15
P02046,R02046,109,90,0.95,80,15
P02047,R02047,94,60,1.1,45,15
P02048,R02048,104,75,0.95,64,15
P02049,R02049,113,90,0.95,82,15
P02050,R02050,107,60,0.95,50,15
P02051,R02051,96,75,1.1,61,15
P02052,R02052,107,90,1.1,80,15
P02053,R02053,94,60,1.0,45,15
P02054,R02054,109,75,1.05,66,15
P02055,R02055,123,90,1.05,86,15
P02056,R02056,107,60,1.0,50,15
P02057,R02057,108,75,1.05,65,15
P02058,R02058,114,90,1.0,83,15
P02059,R02059,93,60,0.95,44,15
P02060,R02060,104,75,1.1,63,15
P02061,R02061,125,90,0.95,87,15
P02062,R02062,95,60,0.95,45,15
P02063,R02063,109,75,1.05,66,15
P02064,R02064,107,90,1.0,80,15
P02065,R02065,95,60,1.1,45,15
P02066,R02066,115,75,0.95,68,15
P02067,R02067,127,90,0.95,88,15
P02068,R02068,95,60,1.1,45,15
P02069,R02069,119,75,0.95,70,15
P02070,R02070,130,90,0.95,89,15
P02071,R02071,92,60,0.95,44,15
P02072,R02072,107,75,1.05,65,15
P02073,R02073,131,90,1.0,89,15
P02074,R02074,92,60,1.05,44,15
P02075,R02075,98,75,1.0,61,15
P02076,R02076,131,90,0.95,89,15
P02077,R02077,107,60,1.0,50,15
P02078,R02078,109,75,1.1,65,15
P02079,R02079,130,90,1.05,89,15
P02080,R02080,93,60,1.05,44,15
P02081,R02081,103,75,1.1,63,15
P02082,R02082,131,90,0.95,89,15
P02083,R02083,92,60,1.0,44,15
P02084,R02084,115,75,1.0,68,15
P02085,R02085,133,90,1.0,90,15
P02086,R02086,108,60,1.1,50,15
P02087,R02087,107,75,1.0,65,15
P02088,R02088,132,90,0.95,90,15
P02089,R02089,94,60,1.0,45,15
P02090,R02090,106,75,1.05,65,15
P02091,R02091,120,90,1.1,85,15
P02092,R02092,91,60,1.0,43,15
P02093,R02093,112,75,1.0,67,15
P02094,R02094,113,90,0.95,82,15
P02095,R02095,97,60,1.0,46,15
P02096,R02096,104,75,1.1,64,15
P02097,R02097,127,90,1.05,88,15
P02098,R02098,105,60,0.95,49,15
P02099,R02099,96,75,1.05,60,15
P02100,R02100,110,90,1.05,81,15
P02101,R02101,101,60,1.05,47,15
P02102,R02102,117,75,1.1,69,15
P02103,R02103,108,90,1.0,80,15
P02104,R02104,106,60,1.05,50,15
P02105,R02105,114,75,1.05,68,15
P02106,R02106,132,90,1.0,90,15
P02107,R02107,102,60,0.95,48,15
P02108,R02108,106,75,0.95,64,15
P02109,R02109,129,90,0.95,89,15
P02110,R02110,104,60,0.95,49,15
P02111,R02111,111,75,0.95,66,15
P02112,R02112,118,90,1.05,84,15
P02113,R02113,99,60,0.95,47,15
P02114,R02114,101,75,1.1,62,15
P02115,R02115,126,90,1.0,87,15
P02116,R02116,100,60,1.1,47,15
P02117,R02117,108,75,0.95,65,15
P02118,R02118,128,90,1.1,88,15
P02119,R02119,97,60,1.1,46,15
P02120,R02120,119,75,1.0,70,15
P02121,R02121,124,90,0.95,87,15
P02122,R02122,95,60,1.0,45,15
P02123,R02123,112,75,1.05,67,15
P02124,R02124,112,90,1.05,82,15
P02125,R02125,93,60,1.05,44,15
P02126,R02126,99,75,1.1,61,15
P02127,R02127,129,90,1.1,89,15
P02128,R02128,103,60,1.0,48,15
P02129,R02129,103,75,1.1,63,15
P02130,R02130,131,90,1.0,89,15
P02131,R02131,92,60,0.95,44,15
P02132,R02132,101,75,1.1,62,15
P02133,R02133,123,90,0.95,86,15
P02134,R02134,101,60,0.95,47,15
P02135,R02135,105,75,1.0,64,15
P02136,R02136,122,90,0.95,86,15
P02137,R02137,92,60,0.95,44,15
P02138,R02138,95,75,1.05,60,15
P02139,R02139,108,90,1.05,80,15
P02140,R02140,106,60,0.95,49,15
P02141,R02141,112,75,1.0,67,15
P02142,R02142,114,90,1.05,83,15
P02143,R02143,104,60,1.0,48,15
P02144,R02144,101,75,1.0,62,15
P02145,R02145,113,90,1.1,82,15
P02146,R02146,97,60,0.95,46,15
P02147,R02147,103,75,1.1,63,15
P02148,R02148,121,90,1.0,86,15
P02149,R02149,100,60,0.95,47,15
P02150,R02150,97,75,1.1,61,15
P02151,R02151,112,90,1.0,82,15
P02152,R02152,104,60,0.95,48,15
P02153,R02153,100,75,1.05,62,15
P02154,R02154,121,90,1.05,85,15
P02155,R02155,94,60,1.05,44,15
P02156,R02156,95,75,1.0,60,15
P02157,R02157,125,90,1.0,87,15
P02158,R02158,100,60,1.05,47,15
P02159,R02159,114,75,0.95,67,15
P02160,R02160,117,90,0.95,84,15
P02161,R02161,98,60,1.05,46,15
P02162,R02162,115,75,1.0,68,15
P02163,R02163,129,90,1.05,89,15
P02164,R02164,107,60,0.95,50,15
P02165,R02165,114,75,1.05,68,15
P02166,R02166,122,90,1.0,86,15
P02167,R02167,102,60,1.0,48,15
P02168,R02168,110,75,1.05,66,15
P02169,R02169,109,90,1.0,80,15
P02170,R02170,97,60,1.0,46,15
P02171,R02171,101,75,1.05,62,15
P02172,R02172,105,90,1.0,79,15
P02173,R02173,100,60,0.95,47,15
P02174,R02174,104,75,1.0,63,15
P02175,R02175,110,90,1.05,81,15
P02176,R02176,93,60,1.0,44,15
P02177,R02177,104,75,1.0,64,15
P02178,R02178,124,90,1.0,87,15
P02179,R02179,107,60,1.05,50,15
P02180,R02180,111,75,1.05,66,15
P02181,R02181,131,90,1.1,89,15
P02182,R02182,108,60,0.95,50,15
P02183,R02183,101,75,1.1,62,15
P02184,R02184,134,90,0.95,91,15
P02185,R02185,99,60,1.1,46,15
P02186,R02186,109,75,1.0,66,15
P02187,R02187,116,90,1.05,83,15
P02188,R02188,93,60,0.95,44,15
P02189,R02189,114,75,1.0,67,15
P02190,R02190,119,90,1.05,85,15
P02191,R02191,92,60,1.05,44,15
P02192,R02192,115,75,1.05,68,15
P02193,R02193,113,90,0.95,82,15
P02194,R02194,97,60,0.95,46,15
P02195,R02195,120,75,1.0,70,15
P02196,R02196,125,90,0.95,87,15
P02197,R02197,99,60,1.05,47,15
P02198,R02198,110,75,1.1,66,15
P02199,R02199,107,90,1.1,80,15
P02200,R02200,92,60,1.05,44,15
P02201,R02201,103,75,1.05,63,15
P02202,R02202,127,90,1.0,88,15
P02203,R02203,91,60,1.1,43,15
P02204,R02204,100,75,1.05,62,15
P02205,R02205,117,90,1.05,84,15
P02206,R02206,97,60,0.95,46,15
P02207,R02207,120,75,1.05,70,15
P02208,R02208,105,90,1.0,79,15
P02209,R02209,102,60,1.1,48,15
P02210,R02210,103,75,1.1,63,15
P02211,R02211,131,90,1.1,90,15
P02212,R02212,109,60,1.0,50,15
P02213,R02213,119,75,1.05,70,15
P02214,R02214,134,90,0.95,90,15
P02215,R02215,98,60,1.05,46,15
P02216,R02216,96,75,1.1,60,15
P02217,R02217,120,90,1.0,85,15
P02218,R02218,105,60,1.05,49,15
P02219,R02219,109,75,1.0,66,15
P02220,R02220,116,90,1.0,84,15
P02221,R02221,107,60,0.95,50,15
P02222,R02222,114,75,1.05,68,15
P02223,R02223,114,90,0.95,82,15
P02224,R02224,93,60,1.1,44,15
P02225,R02225,112,75,1.05,67,15
P02226,R02226,116,90,0.95,83,15
P02227,R02227,96,60,1.1,45,15
P02228,R02228,98,75,1.0,61,15
P02229,R02229,122,90,1.1,86,15
P02230,R02230,94,60,1.05,45,15
P02231,R02231,108,75,1.0,65,15
P02232,R02232,116,90,1.0,83,15
P02233,R02233,99,60,1.05,46,15
P02234,R02234,102,75,1.0,63,15
P02235,R02235,130,90,1.05,89,15
P02236,R02236,97,60,0.95,46,15
P02237,R02237,100,75,1.0,62,15
P02238,R02238,122,90,1.05,86,15
P02239,R02239,98,60,1.05,46,15
P02240,R02240,96,75,1.05,60,15
P02241,R02241,124,90,1.1,87,15
P02242,R02242,98,60,1.1,46,15
P02243,R02243,111,75,1.05,67,15
P02244,R02244,117,90,1.1,84,15
P02245,R02245,105,60,1.0,49,15
P02246,R02246,97,75,1.0,61,15
P02247,R02247,119,90,0.95,84,15
P02248,R02248,101,60,1.0,47,15
P02249,R02249,117,75,1.1,69,15
P02250,R02250,110,90,1.05,81,15
P02251,R02251,95,60,1.0,45,15
P02252,R02252,120,75,1.05,70,15
P02253,R02253,120,90,1.0,85,15
P02254,R02254,96,60,1.05,45,15
P02255,R02255,119,75,1.0,70,15
P02256,R02256,132,90,0.95,90,15
P02257,R02257,98,60,1.05,46,15
P02258,R02258,97,75,1.05,61,15
P02259,R02259,126,90,1.05,88,15
P02260,R02260,102,60,1.1,48,15
P02261,R02261,118,75,1.0,69,15
P02262,R02262,122,90,1.1,86,15
P02263,R02263,99,60,0.95,47,15
P02264,R02264,99,75,1.05,62,15
P02265,R02265,111,90,0.95,82,15
P02266,R02266,105,60,1.1,49,15
P02267,R02267,96,75,1.1,60,15
P02268,R02268,113,90,0.95,82,15
P02269,R02269,104,60,1.1,49,15
P02270,R02270,105,75,1.0,64,15
P02271,R02271,122,90,1.0,86,15
P02272,R02272,95,60,0.95,45,15
P02273,R02273,106,75,1.05,64,15
P02274,R02274,120,90,1.0,85,15
P02275,R02275,104,60,1.05,49,15
P02276,R02276,116,75,1.0,68,15
P02277,R02277,124,90,1.0,87,15
P02278,R02278,90,60,1.1,43,15
P02279,R02279,103,75,1.0,63,15
P02280,R02280,113,90,0.95,82,15
P02281,R02281,98,60,1.1,46,15
P02282,R02282,115,75,0.95,68,15
P02283,R02283,113,90,1.1,82,15
P02284,R02284,95,60,1.05,45,15
P02285,R02285,100,75,1.05,62,15
P02286,R02286,121,90,1.05,85,15
P02287,R02287,107,60,1.1,50,15
P02288,R02288,106,75,0.95,64,15
P02289,R02289,118,90,1.0,84,15
P02290,R02290,102,60,1.1,48,15
P02291,R02291,104,75,1.1,64,15
P02292,R02292,123,90,0.95,86,15
P02293,R02293,92,60,0.95,44,15
P02294,R02294,106,75,1.0,64,15
P02295,R02295,108,90,1.05,80,15
P02296,R02296,108,60,1.0,50,15
P02297,R02297,104,75,0.95,64,15
P02298,R02298,121,90,0.95,85,15
P02299,R02299,104,60,0.95,49,15
P02300,R02300,104,75,1.05,63,15
P02301,R02301,126,90,1.05,87,15
P02302,R02302,94,60,0.95,44,15
P02303,R02303,105,75,0.95,64,15
P02304,R02304,116,90,1.0,83,15
P02305,R02305,108,60,0.95,50,15
P02306,R02306,109,75,1.1,65,15
P02307,R02307,132,90,1.05,90,15
P02308,R02308,109,60,1.05,50,15
P02309,R02309,115,75,1.0,68,15
P02310,R02310,131,90,1.05,89,15
P02311,R02311,107,60,1.05,50,15
P02312,R02312,103,75,1.05,63,15
P02313,R02313,118,90,1.05,84,15
P02314,R02314,91,60,1.0,43,15
P02315,R02315,103,75,1.1,63,15
P02316,R02316,123,90,1.0,86,15
P02317,R02317,102,60,1.05,48,15
P02318,R02318,96,75,1.05,60,15
P02319,R02319,120,90,1.1,85,15
P02320,R02320,99,60,1.0,46,15
P02321,R02321,102,75,1.05,63,15
P02322,R02322,111,90,1.0,82,15
P02323,R02323,104,60,1.05,48,15
P02324,R02324,103,75,1.05,63,15
P02325,R02325,110,90,1.05,81,15
P02326,R02326,97,60,1.0,46,15
P02327,R02327,96,75,1.05,60,15
P02328,R02328,107,90,1.0,80,15
P02329,R02329,95,60,1.05,45,15
P02330,R02330,99,75,1.0,61,15
P02331,R02331,128,90,1.05,88,15
P02332,R02332,98,60,1.1,46,15
P02333,R02333,119,75,0.95,69,15
P02334,R02334,122,90,1.05,86,15
P02335,R02335,106,60,0.95,49,15
P02336,R02336,115,75,1.0,68,15
P02337,R02337,122,90,1.05,86,15
P02338,R02338,106,60,1.0,49,15
P02339,R02339,114,75,0.95,67,15
P02340,R02340,109,90,1.05,80,15
P02341,R02341,93,60,1.0,44,15
P02342,R02342,103,75,1.0,63,15
P02343,R02343,131,90,1.05,90,15
P02344,R02344,103,60,0.95,48,15
P02345,R02345,113,75,1.1,67,15
P02346,R02346,121,90,0.95,85,15
P02347,R02347,99,60,1.1,47,15
P02348,R02348,117,75,1.0,69,15
P02349,R02349,122,90,1.05,86,15
P02350,R02350,99,60,1.1,47,15
P02351,R02351,101,75,1.0,63,15
P02352,R02352,122,90,0.95,86,15
P02353,R02353,93,60,0.95,44,15
P02354,R02354,105,75,0.95,64,15
P02355,R02355,131,90,1.1,90,15
P02356,R02356,106,60,1.0,49,15
P02357,R02357,119,75,1.0,70,15
P02358,R02358,131,90,1.05,90,15
P02359,R02359,100,60,1.1,47,15
P02360,R02360,116,75,1.0,68,15
P02361,R02361,124,90,1.1,86,15
P02362,R02362,102,60,1.05,48,15
P02363,R02363,118,75,1.1,69,15
P02364,R02364,126,90,1.1,87,15
P02365,R02365,107,60,0.95,50,15
P02366,R02366,107,75,1.0,65,15
P02367,R02367,112,90,0.95,82,15
P02368,R02368,95,60,1.1,45,15
P02369,R02369,107,75,1.0,65,15
P02370,R02370,107,90,0.95,80,15
P02371,R02371,107,60,1.0,50,15
P02372,R02372,98,75,1.05,61,15
P02373,R02373,108,90,1.0,80,15
P02374,R02374,90,60,1.1,43,15
P02375,R02375,105,75,1.05,64,15
P02376,R02376,132,90,1.05,90,15
P02377,R02377,100,60,0.95,47,15
P02378,R02378,95,75,1.0,60,15
P02379,R02379,115,90,1.0,83,15
P02380,R02380,104,60,0.95,49,15
P02381,R02381,114,75,1.1,68,15
P02382,R02382,128,90,1.1,88,15
P02383,R02383,103,60,1.1,48,15
P02384,R02384,113,75,1.0,67,15
P02385,R02385,123,90,1.1,86,15
P02386,R02386,101,60,1.0,47,15
P02387,R02387,106,75,1.05,64,15
P02388,R02388,114,90,1.0,83,15
P02389,R02389,105,60,1.1,49,15
P02390,R02390,111,75,0.95,66,15
P02391,R02391,118,90,0.95,84,15
P02392,R02392,91,60,0.95,43,15
P02393,R02393,97,75,1.05,61,15
P02394,R02394,130,90,0.95,89,15
P02395,R02395,95,60,1.1,45,15
P02396,R02396,105,75,1.1,64,15
P02397,R02397,118,90,1.1,84,15
P02398,R02398,99,60,0.95,47,15
P02399,R02399,96,75,1.0,60,15
P02400,R02400,118,90,1.1,84,15
P02401,R02401,97,60,0.95,46,15
P02402,R02402,103,75,0.95,63,15
P02403,R02403,106,90,1.0,80,15
P02404,R02404,110,60,1.05,51,15
P02405,R02405,96,75,1.0,60,15
P02406,R02406,131,90,1.1,90,15
P02407,R02407,109,60,1.1,51,15
P02408,R02408,103,75,1.05,63,15
P02409,R02409,119,90,1.1,84,15
P02410,R02410,90,60,1.1,43,15
P02411,R02411,103,75,0.95,63,15
P02412,R02412,126,90,1.05,87,15
P02413,R02413,97,60,1.05,46,15
P02414,R02414,98,75,1.0,61,15
P02415,R02415,122,90,1.1,86,15
P02416,R02416,97,60,1.05,46,15
P02417,R02417,105,75,0.95,64,15
P02418,R02418,127,90,1.05,88,15
P02419,R02419,92,60,1.1,44,15
P02420,R02420,99,75,0.95,61,15
P02421,R02421,109,90,0.95,80,15
P02422,R02422,94,60,0.95,45,15
P02423,R02423,111,75,1.0,66,15
P02424,R02424,111,90,1.0,81,15
P02425,R02425,98,60,1.1,46,15
P02426,R02426,102,75,1.1,63,15
P02427,R02427,124,90,1.05,87,15
P02428,R02428,92,60,1.0,44,15
P02429,R02429,119,75,1.05,69,15
P02430,R02430,119,90,1.05,84,15
P02431,R02431,104,60,1.1,48,15
P02432,R02432,119,75,1.05,70,15
P02433,R02433,118,90,1.05,84,15
P02434,R02434,102,60,1.1,48,15
P02435,R02435,119,75,1.0,70,15
P02436,R02436,116,90,1.0,83,15
P02437,R02437,96,60,1.05,46,15
P02438,R02438,98,75,1.05,61,15
P02439,R02439,110,90,1.05,81,15
P02440,R02440,102,60,1.05,48,15
P02441,R02441,112,75,1.0,67,15
P02442,R02442,132,90,1.0,90,15
P02443,R02443,90,60,0.95,43,15
P02444,R02444,115,75,1.1,68,15
P02445,R02445,130,90,1.0,89,15
P02446,R02446,101,60,1.1,47,15
P02447,R02447,105,75,1.0,64,15
P02448,R02448,126,90,1.1,87,15
P02449,R02449,98,60,0.95,46,15
P02450,R02450,102,75,1.1,63,15
P02451,R02451,111,90,1.05,81,15
P02452,R02452,90,60,1.1,43,15
P02453,R02453,114,75,1.0,68,15
P02454,R02454,117,90,1.1,84,15
P02455,R02455,102,60,1.05,48,15
P02456,R02456,117,75,1.05,69,15
P02457,R02457,107,90,0.95,80,15
P02458,R02458,90,60,1.0,43,15
P02459,R02459,103,75,0.95,63,15
P02460,R02460,106,90,1.05,80,15
P02461,R02461,100,60,0.95,47,15
P02462,R02462,112,75,1.05,67,15
P02463,R02463,129,90,1.0,89,15
P02464,R02464,96,60,0.95,45,15
P02465,R02465,113,75,1.0,67,15
P02466,R02466,131,90,1.0,90,15
P02467,R02467,94,60,1.05,45,15
P02468,R02468,118,75,1.0,69,15
P02469,R02469,109,90,1.1,80,15
P02470,R02470,101,60,1.0,47,15
P02471,R02471,110,75,0.95,66,15
P02472,R02472,130,90,1.05,89,15
P02473,R02473,100,60,1.0,47,15
P02474,R02474,110,75,1.1,66,15
P02475,R02475,127,90,0.95,88,15
P02476,R02476,104,60,0.95,49,15
P02477,R02477,113,75,1.0,67,15
P02478,R02478,130,90,1.05,89,15
P02479,R02479,102,60,1.0,48,15
P02480,R02480,103,75,1.05,63,15
P02481,R02481,134,90,0.95,90,15
P02482,R02482,104,60,1.1,49,15
P02483,R02483,104,75,1.1,64,15
P02484,R02484,125,90,0.95,87,15
P02485,R02485,97,60,1.0,46,15
P02486,R02486,112,75,1.05,67,15
P02487,R02487,126,90,1.1,88,15
P02488,R02488,108,60,1.0,50,15
P02489,R02489,115,75,1.1,68,15
P02490,R02490,109,90,1.1,80,15
P02491,R02491,97,60,0.95,46,15
P02492,R02492,106,75,1.0,64,15
P02493,R02493,113,90,0.95,82,15
P02494,R02494,103,60,1.1,48,15
P02495,R02495,111,75,1.0,66,15
P02496,R02496,123,90,0.95,86,15
P02497,R02497,94,60,1.1,45,15
P02498,R02498,101,75,1.1,62,15
P02499,R02499,108,90,1.0,80,15
P02500,R02500,92,60,1.1,44,15
P02501,R02501,103,75,1.1,63,15
P02502,R02502,117,90,1.0,84,15
P02503,R02503,110,60,1.05,51,15
P02504,R02504,103,75,1.1,63,15
P02505,R02505,121,90,0.95,85,15
P02506,R02506,91,60,1.1,43,15
P02507,R02507,103,75,0.95,63,15
P02508,R02508,127,90,1.1,88,15
P02509,R02509,103,60,1.1,48,15
P02510,R02510,113,75,1.0,67,15
P02511,R02511,123,90,0.95,86,15
P02512,R02512,102,60,1.1,48,15
P02513,R02513,117,75,1.1,69,15
P02514,R02514,109,90,0.95,81,15
P02515,R02515,92,60,1.0,44,15
P02516,R02516,104,75,1.05,64,15
P02517,R02517,135,90,1.0,91,15
P02518,R02518,105,60,1.0,49,15
P02519,R02519,108,75,1.0,65,15
P02520,R02520,121,90,1.05,85,15
P02521,R02521,100,60,0.95,47,15
P02522,R02522,116,75,1.0,69,15
P02523,R02523,128,90,1.05,88,15
P02524,R02524,98,60,0.95,46,15
P02525,R02525,95,75,1.0,60,15
P02526,R02526,133,90,1.05,90,15
P02527,R02527,93,60,0.95,44,15
P02528,R02528,109,75,1.1,65,15
P02529,R02529,123,90,1.05,86,15
P02530,R02530,93,60,1.0,44,15
P02531,R02531,105,75,1.0,64,15
P02532,R02532,126,90,1.05,87,15
P02533,R02533,99,60,1.1,47,15
P02534,R02534,107,75,0.95,65,15
P02535,R02535,133,90,1.1,90,15
P02536,R02536,93,60,1.1,44,15
P02537,R02537,112,75,1.0,67,15
P02538,R02538,130,90,0.95,89,15
P02539,R02539,95,60,0.95,45,15
P02540,R02540,108,75,1.0,65,15
P02541,R02541,134,90,1.0,91,15
P02542,R02542,107,60,1.0,50,15
P02543,R02543,119,75,0.95,70,15
P02544,R02544,114,90,0.95,82,15
P02545,R02545,95,60,0.95,45,15
P02546,R02546,102,75,1.0,63,15
P02547,R02547,134,90,1.05,91,15
P02548,R02548,98,60,0.95,46,15
P02549,R02549,110,75,0.95,66,15
P02550,R02550,106,90,0.95,79,15
P02551,R02551,99,60,1.05,47,15
P02552,R02552,116,75,1.05,68,15
P02553,R02553,127,90,1.05,88,15
P02554,R02554,107,60,1.1,50,15
P02555,R02555,118,75,0.95,69,15
P02556,R02556,127,90,1.0,88,15
P02557,R02557,104,60,0.95,49,15
P02558,R02558,115,75,1.0,68,15
P02559,R02559,110,90,1.0,81,15
P02560,R02560,103,60,1.1,48,15
P02561,R02561,116,75,1.05,68,15
P02562,R02562,116,90,1.0,83,15
P02563,R02563,105,60,1.1,49,15
P02564,R02564,97,75,1.1,61,15
P02565,R02565,131,90,1.05,89,15
P02566,R02566,105,60,1.05,49,15
P02567,R02567,109,75,1.0,65,15
P02568,R02568,134,90,1.0,91,15
P02569,R02569,110,60,0.95,51,15
P02570,R02570,106,75,1.0,64,15
P02571,R02571,128,90,1.05,88,15
P02572,R02572,96,60,1.0,45,15
P02573,R02573,107,75,1.0,65,15
P02574,R02574,121,90,0.95,85,15
P02575,R02575,106,60,0.95,49,15
P02576,R02576,119,75,0.95,69,15
P02577,R02577,129,90,1.1,88,15
P02578,R02578,92,60,1.05,44,15
P02579,R02579,116,75,0.95,68,15
P02580,R02580,105,90,1.0,79,15
P02581,R02581,101,60,1.1,47,15
P02582,R02582,106,75,0.95,65,15
P02583,R02583,120,90,1.1,85,15
P02584,R02584,102,60,0.95,48,15
P02585,R02585,110,75,1.1,66,15
P02586,R02586,114,90,1.1,83,15
P02587,R02587,99,60,1.1,47,15
P02588,R02588,102,75,1.05,63,15
P02589,R02589,125,90,1.0,87,15
P02590,R02590,100,60,1.1,47,15
P02591,R02591,116,75,1.0,69,15
P02592,R02592,134,90,1.05,91,15
P02593,R02593,96,60,1.1,45,15
P02594,R02594,106,75,1.0,65,15
P02595,R02595,131,90,0.95,89,15
P02596,R02596,107,60,1.1,50,15
P02597,R02597,100,75,1.0,62,15
P02598,R02598,123,90,1.05,86,15
P02599,R02599,105,60,1.1,49,15
P02600,R02600,108,75,1.05,65,15
P02601,R02601,134,90,0.95,91,15
P02602,R02602,106,60,1.05,49,15
P02603,R02603,104,75,1.0,64,15
P02604,R02604,108,90,1.1,80,15
P02605,R02605,97,60,1.05,46,15
P02606,R02606,113,75,0.95,67,15
P02607,R02607,133,90,1.0,90,15
P02608,R02608,106,60,1.1,49,15
P02609,R02609,109,75,1.0,66,15
P02610,R02610,120,90,0.95,85,15
